Id,FirstName,Surname,Email,IndexId,JobTitle
1,Gloria,Hudson,ghudson0@rambler.ru,9b5ee536-de8f-4725-8550-635c41b9a7bc,Desktop Support Technician
2,Justin,Gray,jgray1@abc.net.au,fad4f5f7-5758-4cc0-be06-ceb7508d4af1,Occupational Therapist
3,Theresa,Clark,tclark2@sitemeter.com,84ad1d11-a45e-4274-85be-5fc5fd769a10,Project Manager
4,Michael,Nguyen,mnguyen3@imdb.com,21a45140-4fe2-49ce-b36e-403dc7e2db9e,Senior Sales Associate
5,Harold,Miller,hmiller4@wired.com,5b1540ed-51a0-422b-86b7-a28960b2860c,General Manager
6,Daniel,Lewis,dlewis5@rakuten.co.jp,c3231dd3-feb1-4eff-8b75-7f892e9f1068,Office Assistant I
7,Harry,Sanchez,hsanchez6@qq.com,9ce9d20b-f7a5-4196-9956-e466c38fca76,Assistant Manager
8,Rebecca,Martinez,rmartinez7@redcross.org,c027ea8f-69c8-4a9d-9b13-8ce35cb31e7e,Food Chemist
9,Dennis,Anderson,danderson8@ca.gov,7537515a-4977-4d6b-b67a-49533cb13efe,Account Coordinator
10,Rachel,Butler,rbutler9@examiner.com,6ac939ff-773f-4e83-ab07-d3f17782f8e8,Quality Control Specialist
11,Marie,Griffin,mgriffina@ft.com,1b707a24-c93e-4ab6-abb1-f6ea4aab83ef,Account Executive
12,Mildred,Turner,mturnerb@ebay.co.uk,de4bedea-c923-4f51-ae5f-bae360030052,Human Resources Manager
13,Jeremy,Burns,jburnsc@gravatar.com,c83d55f8-d381-41c8-98cb-ad233deb8f3c,Senior Developer
14,Daniel,Duncan,dduncand@geocities.com,66c1a055-4a9b-4ce0-865c-3b971f2dac39,Help Desk Technician
15,Jeremy,Thompson,jthompsone@ifeng.com,ac0e0eed-c577-460a-9508-0177ca22d8ca,Information Systems Manager
16,Roger,Olson,rolsonf@sfgate.com,27dca47c-bc99-42ff-a56a-2cb6ab135063,Sales Associate
17,Paul,Arnold,parnoldg@ucla.edu,870caa12-203e-4823-8ba9-250c9dc2c65c,GIS Technical Architect
18,Jeffrey,West,jwesth@psu.edu,2661662f-1f45-467b-bf9e-8e79c82a129d,Staff Accountant IV
19,Donald,Peters,dpetersi@ucoz.com,40ade2b9-8d4f-4661-8ec8-e6e26fd16ad4,Clinical Specialist
20,Judy,Fisher,jfisherj@alexa.com,c5d80060-e453-40fa-b21e-189d3ad35d07,Community Outreach Specialist
21,Katherine,Moore,kmoorek@xrea.com,5efb5076-9d96-4829-80cb-c63176fdfaf5,Research Assistant II
22,Phillip,Harvey,pharveyl@naver.com,cd2bf6de-4224-40fa-a3d0-2700a84a6d38,Assistant Manager
23,Andrew,Butler,abutlerm@amazon.de,11f2e3f1-7b6d-419c-9e66-263b91ea486b,Marketing Assistant
24,Catherine,Anderson,candersonn@ucla.edu,25ec3c6a-9ef1-4aec-9861-45fde40a350b,Director of Sales
25,Sarah,Spencer,sspencero@mashable.com,8820c311-ae08-44f6-8016-4bdb0ef794b4,Project Manager
26,Nicholas,Henry,nhenryp@nih.gov,cfd61b6e-f3e5-4123-a47b-8cc3bcaa7bff,Operator
27,Justin,Perez,jperezq@psu.edu,e90d3a37-eff4-4e25-a5bf-d50a3ca8fc4d,Office Assistant II
28,Alice,Bradley,abradleyr@howstuffworks.com,254ad389-6479-40fd-872f-2748076e276f,Design Engineer
29,Frank,Hudson,fhudsons@tuttocitta.it,8d7b777f-8a78-48e6-9317-765ff54d22fc,Structural Analysis Engineer
30,Sara,Kelly,skellyt@bbc.co.uk,4410eab0-1d98-4f69-9f77-bf1b6a4731a5,Tax Accountant
31,Richard,Kelly,rkellyu@examiner.com,30df6166-5d8e-4259-a4a9-813fb930ea56,Occupational Therapist
32,William,James,wjamesv@google.ca,3f85e4ed-a142-49b4-b659-020d9c4389fe,Statistician II
33,Ryan,Baker,rbakerw@godaddy.com,c3d5bb39-5001-4b37-b6fc-686fbe39d489,Accountant IV
34,Scott,Harris,sharrisx@ebay.co.uk,5b660edd-459d-49de-be1f-68b6cfadd85d,Database Administrator III
35,Donna,Palmer,dpalmery@economist.com,6bf34b95-61f3-44aa-bd59-b74e3cbd735c,Computer Systems Analyst I
36,Kenneth,Edwards,kedwardsz@google.de,f89e193f-8b32-45f6-a88d-a281712ff52f,Software Engineer II
37,Carol,Rodriguez,crodriguez10@live.com,64e08f0a-95c7-4ab2-b594-26f43fb509ac,Librarian
38,Todd,Morrison,tmorrison11@aboutads.info,52c16d75-a68f-4e50-b36a-3e32548db676,Occupational Therapist
39,Roger,Hughes,rhughes12@youku.com,a9e1e2ea-a403-4c58-a2ea-7be566da1448,Recruiting Manager
40,Ruby,Allen,rallen13@go.com,9829c518-506d-4ec3-a45b-9a85f21c425e,Programmer Analyst I
41,Michelle,Harris,mharris14@columbia.edu,b27ee932-a05f-4b1d-bfa5-93f0e2abaa5d,Media Manager III
42,Kathleen,Ramos,kramos15@home.pl,e63f5813-9607-4692-aea9-03c5df2813f0,Assistant Professor
43,Alan,Foster,afoster16@sciencedaily.com,1925c8ea-9e5a-431b-8c8f-a8e92d761f7f,Actuary
44,Amy,Reid,areid17@sina.com.cn,c7652dd5-5aa3-4e4e-9052-bc7cc72752e0,Biostatistician II
45,Donna,Shaw,dshaw18@exblog.jp,a58b66ec-a096-44ba-bf82-cafc8aadbc0c,Cost Accountant
46,Roy,Russell,rrussell19@illinois.edu,44133bac-f76e-44fc-babb-5b5fe2c28480,Cost Accountant
47,Henry,Rodriguez,hrodriguez1a@hud.gov,ce7d99ae-446b-4378-91c7-6eda5045d030,Tax Accountant
48,Matthew,Fields,mfields1b@cloudflare.com,958ab4a7-da4b-4e77-896b-5737347c8dc2,Accounting Assistant IV
49,Jennifer,Ramos,jramos1c@dropbox.com,fd8fc549-1b88-46d2-a302-f13b5c540749,Statistician III
50,Nicole,Watkins,nwatkins1d@wired.com,198febde-51c2-412d-8faf-abe7c36d6fa8,Associate Professor
51,Jeffrey,Shaw,jshaw1e@washington.edu,82a87e31-7ae9-4e9f-9212-5f9db19c87f6,VP Quality Control
52,Carl,Gomez,cgomez1f@creativecommons.org,ed257f59-0516-49a6-b2b0-4f6e005b98da,Internal Auditor
53,Donald,Mendoza,dmendoza1g@adobe.com,d46048f8-12c9-4cff-81d9-de975f741ba3,VP Sales
54,Gary,Burns,gburns1h@studiopress.com,d8d7b3e7-3a42-4446-9634-3d6c8d83bfa3,Business Systems Development Analyst
55,Carl,Cook,ccook1i@europa.eu,b75a6eef-1008-4cb4-92f2-009fa2eb4ed6,VP Marketing
56,Rebecca,Hughes,rhughes1j@archive.org,42c484a2-9051-436f-ba47-76eb392afad9,Senior Sales Associate
57,Wayne,Austin,waustin1k@gizmodo.com,8c0a317f-014a-4da4-80c5-e54c01ea65a2,VP Accounting
58,Wanda,Matthews,wmatthews1l@google.cn,14b84700-7e1b-4a51-b8bf-44798b2184d3,Geological Engineer
59,Nicholas,Ray,nray1m@edublogs.org,670889a6-68fd-4a7b-a2cd-1a451863677a,Editor
60,Mildred,Gonzalez,mgonzalez1n@yahoo.com,4a1addd5-9765-4f24-a395-943eae6ffdab,Assistant Manager
61,Jennifer,Mason,jmason1o@histats.com,3e9bcd2f-9f97-4579-9a3e-68d9ae146a22,Legal Assistant
62,Donald,Richards,drichards1p@hostgator.com,0fe45526-d79b-43a0-88c5-a3ee5a113c8c,Nuclear Power Engineer
63,Scott,Phillips,sphillips1q@privacy.gov.au,c0a5a58d-2fdc-490d-96c2-0c47ab862906,Environmental Specialist
64,Jeremy,Turner,jturner1r@smugmug.com,988465ef-4a2f-4f00-a88e-c5cc12c9708b,Civil Engineer
65,Barbara,Frazier,bfrazier1s@dell.com,c1f25870-7875-4609-9870-90d4cf7ddf1f,Administrative Assistant I
66,Doris,Watkins,dwatkins1t@mac.com,2a5948eb-0c01-4070-945f-5ecf79bc74ff,Business Systems Development Analyst
67,Carolyn,Murray,cmurray1u@apache.org,fe50eba6-7d5f-4158-8205-b752365b0135,Senior Sales Associate
68,Ruth,Richardson,rrichardson1v@symantec.com,c9f62af7-aa2a-443c-9a47-73ec51e4e2e4,Health Coach IV
69,Nicholas,Fox,nfox1w@live.com,9b0eaa70-27d4-434c-885e-d86ef8c2e573,Nurse
70,Nicole,Chavez,nchavez1x@abc.net.au,1ab48664-6468-44a1-aa35-9888056ba39e,Accountant III
71,Kimberly,Ortiz,kortiz1y@cdc.gov,765ae438-7483-40e6-9475-12a8ca4fdbdf,Software Engineer III
72,Sarah,Hamilton,shamilton1z@cisco.com,476553e4-df61-4875-a1c8-abef5acab910,Web Developer II
73,Peter,Dean,pdean20@soup.io,3f953fd3-1309-447b-8aa0-bb410acc2472,Geologist II
74,Diana,Jones,djones21@answers.com,14b85ddc-9808-4c37-9d45-4a184d7c62e1,Accountant III
75,Donna,Daniels,ddaniels22@feedburner.com,097734f7-ffe5-47f0-afe7-880c6ccef6c7,Account Coordinator
76,Jason,Ellis,jellis23@chron.com,3cf75fa0-b167-4554-b6de-926743305b19,Internal Auditor
77,Jack,Montgomery,jmontgomery24@marketwatch.com,9a8a827d-a085-4583-adba-aa7a0be2556e,Cost Accountant
78,Kenneth,Barnes,kbarnes25@furl.net,c1eaec3e-2abd-41f4-9fb8-7b7c938f99da,Computer Systems Analyst II
79,Michael,Burton,mburton26@bbc.co.uk,c3b22201-68c3-4d53-b05f-88a674c53bc8,Biostatistician II
80,Ruby,Riley,rriley27@ow.ly,5869b197-bce1-4d76-87bb-1c5e0e20feef,Quality Engineer
81,Charles,Clark,cclark28@delicious.com,9afa83da-bb27-4c3f-9ee9-a77c2bcccb09,Account Coordinator
82,Walter,Bowman,wbowman29@auda.org.au,377dd5af-f6d0-4b39-8784-0b874cee9a3f,VP Quality Control
83,Gerald,Boyd,gboyd2a@unblog.fr,6a0e9499-3567-4da6-9d8f-8ccdfbefd3a5,Assistant Manager
84,Nicholas,King,nking2b@dion.ne.jp,16e4813d-c3f5-469f-af1c-332fe63cf146,Recruiting Manager
85,Andrew,Henry,ahenry2c@ebay.com,00d63c61-9649-44e5-bb7a-3e914e44af91,Business Systems Development Analyst
86,Deborah,Harris,dharris2d@usgs.gov,9ede8e19-bde3-4fd0-ad30-dee9c4289cbd,Project Manager
87,Ernest,Schmidt,eschmidt2e@businessinsider.com,afb8a53f-141d-4134-b988-5039abfab408,VP Sales
88,Martha,Stevens,mstevens2f@springer.com,36d04978-ace1-4b00-b167-17888f69aea9,Senior Developer
89,Joe,Stephens,jstephens2g@etsy.com,47deb520-7f7a-48c1-9658-1dd01b50665d,VP Sales
90,Debra,Reynolds,dreynolds2h@comcast.net,db4dab12-3356-49de-ac88-0cb8b43eeca8,Senior Financial Analyst
91,Patrick,Cox,pcox2i@google.com.hk,6d99455f-8747-4111-bfaa-293acbf0f816,Health Coach II
92,Gloria,Williamson,gwilliamson2j@wiley.com,22c8fb89-8dd1-48bd-aebf-a4db3f93a2a0,Senior Quality Engineer
93,Richard,Lewis,rlewis2k@about.com,fdd3aab8-a32c-494c-98f8-7cdc65aa992a,Help Desk Operator
94,Dennis,Fernandez,dfernandez2l@umn.edu,10f21f66-2ff5-4de2-8d13-44c55702bace,Civil Engineer
95,Virginia,Williamson,vwilliamson2m@imageshack.us,5a6b1348-d378-4117-a4bb-9eaf806e2c97,Editor
96,Linda,Walker,lwalker2n@theguardian.com,6694af6b-b4ab-41ba-91a8-25ade906da0f,Health Coach III
97,Elizabeth,Porter,eporter2o@yellowbook.com,ce4dd39d-3d82-4a70-a6eb-fe131b782463,Statistician IV
98,Bruce,Collins,bcollins2p@microsoft.com,13fb2f68-9195-461f-a09c-d7172545286d,Geologist II
99,Frank,Hudson,fhudson2q@google.pl,c3be0d03-6fc5-4bba-83ab-d4c707ad0c7e,Assistant Media Planner
100,Michelle,Howard,mhoward2r@amazon.co.uk,28cedb5e-9ede-42d9-92b9-9703585d0052,Senior Developer
101,Kelly,Taylor,ktaylor2s@craigslist.org,a1754f6b-c4ef-440f-afba-24043dbcce4c,Help Desk Technician
102,Timothy,Porter,tporter2t@mashable.com,22aaeccb-6211-4634-bf9b-3fd46b409304,Developer I
103,Samuel,Weaver,sweaver2u@prlog.org,bc4c292e-b004-4def-a58b-f6567f670698,Nuclear Power Engineer
104,Stephen,Mccoy,smccoy2v@amazon.de,39c8ae04-4a87-4e42-b4bf-b418ccf3a425,Senior Financial Analyst
105,Alan,Brown,abrown2w@ed.gov,653cc282-3816-40f7-b8be-a2f12a1edb8e,Community Outreach Specialist
106,Billy,Harrison,bharrison2x@hatena.ne.jp,70f59468-9452-4258-8f43-c72db52550d8,Accounting Assistant II
107,Sean,Lawrence,slawrence2y@narod.ru,65d4385b-0e91-4451-bd4f-6ee841e248da,Nuclear Power Engineer
108,Michael,Garza,mgarza2z@ucla.edu,a5653e5d-4dd1-4050-ac83-ccb57ea1e5ac,Research Nurse
109,Ruby,Schmidt,rschmidt30@nba.com,e93c6d5d-1824-4088-bd61-5aba9b6ad227,Junior Executive
110,Paul,Harris,pharris31@sfgate.com,16c18984-7430-4268-b207-8cd84a1b2ce6,VP Sales
111,Nicole,Stanley,nstanley32@myspace.com,c1d151cd-ad6b-4396-bd6c-ae3b85b6021b,Food Chemist
112,Thomas,Fuller,tfuller33@cornell.edu,0efee31d-111c-4898-ac3a-c648314aa2c9,Pharmacist
113,William,Hughes,whughes34@weibo.com,0fd64072-aa19-451b-a6cd-db08eeb160d7,Tax Accountant
114,Roger,Frazier,rfrazier35@mozilla.com,ef63d257-019e-4d72-96fe-39a0b12be8b0,Physical Therapy Assistant
115,Bobby,Reyes,breyes36@hexun.com,c92639e4-6702-4c21-bd20-c9aa222b0bfa,Administrative Officer
116,Harold,Gordon,hgordon37@odnoklassniki.ru,2221b5f9-34cb-428d-b8ae-97c29aafdeef,Community Outreach Specialist
117,Brandon,Howell,bhowell38@usa.gov,b5f5460c-3e6d-4dad-9824-6725fb964a6f,Administrative Officer
118,Frank,Gordon,fgordon39@ehow.com,093956bb-ccaa-4c81-9636-bbbcd7dada20,VP Marketing
119,Arthur,Fernandez,afernandez3a@prlog.org,e43e934e-750c-47bf-8d26-f29a913ee774,Product Engineer
120,Chris,Lane,clane3b@ucoz.com,9d562c1c-df65-4205-80f1-bd933c0caddd,Web Developer I
121,Lisa,Gray,lgray3c@facebook.com,26bc48e7-2afd-422e-9faf-3f4f954fe28f,Legal Assistant
122,Melissa,Adams,madams3d@rakuten.co.jp,862d0d35-f6e7-4734-82ba-e9debb913de0,Information Systems Manager
123,Donna,Fox,dfox3e@fema.gov,341d25bc-63c6-4a61-978a-ece50967c55f,Graphic Designer
124,Patricia,Dean,pdean3f@delicious.com,fa75761a-b3f2-4bc0-b0bc-143303a6166c,Nurse
125,Kimberly,Hayes,khayes3g@huffingtonpost.com,260b4be0-35a8-4a67-b7c6-0a516644bd18,Editor
126,Jessica,Torres,jtorres3h@spiegel.de,ce034cc5-2591-4cbc-9cba-0ad4fcd1e912,Sales Associate
127,Justin,Knight,jknight3i@merriam-webster.com,e8fd4593-74a1-41b2-919c-cc64f6b81eb5,Executive Secretary
128,Anthony,Reyes,areyes3j@nature.com,d2851d6e-b214-4da6-8026-db632934e918,Developer I
129,Janet,Moore,jmoore3k@desdev.cn,79920e05-4478-4426-98d2-bdbd8ad00562,Environmental Tech
130,Tammy,Greene,tgreene3l@hexun.com,bb9932ae-b763-428c-96e7-78bfcc63a683,Assistant Media Planner
131,Albert,Adams,aadams3m@techcrunch.com,f465c479-f5ea-4162-a610-1d612b1dfa6a,Staff Scientist
132,Heather,Montgomery,hmontgomery3n@census.gov,00b12371-55ac-48ce-9d8f-077b7adb8c1c,VP Marketing
133,Aaron,James,ajames3o@dyndns.org,af667907-fe2f-4d4c-82d0-4eb7a9a45080,Nurse Practicioner
134,Margaret,Weaver,mweaver3p@slideshare.net,e63943e8-c55d-4d34-b2ad-c05838e2166a,Systems Administrator III
135,Arthur,Wheeler,awheeler3q@elpais.com,a1033bc6-0dd4-4174-b1fc-4a7142f4f334,Research Associate
136,Alan,Bennett,abennett3r@t.co,9b85d8ee-ad8f-43fa-90f4-74b5b3ca4897,VP Marketing
137,Kenneth,Medina,kmedina3s@infoseek.co.jp,c22b1d11-ac36-4eb3-acba-ff0942492e81,Biostatistician II
138,Virginia,Hamilton,vhamilton3t@prnewswire.com,56e6b00f-aebd-442f-bd28-5152d0fd4b53,Civil Engineer
139,Rachel,Long,rlong3u@indiegogo.com,e1305f74-6419-4fb7-958c-dfda9956660b,Nurse
140,Eric,Evans,eevans3v@businessweek.com,d6fefcf4-ab32-403e-ba20-c02d9420a7cf,Chemical Engineer
141,Todd,Sullivan,tsullivan3w@nbcnews.com,d41f0e10-893d-4d5b-a590-79420d37542c,Professor
142,Martha,Hunt,mhunt3x@ftc.gov,c1467145-e80d-433b-85ab-4c20df888c56,VP Marketing
143,Teresa,Rivera,trivera3y@uol.com.br,8e566430-72a8-44dd-b13c-0b6553af0f52,Social Worker
144,Norma,Ray,nray3z@google.de,0909bcda-05c5-4510-8a19-114a49414875,Software Consultant
145,Susan,Johnson,sjohnson40@nytimes.com,562179a9-94f3-4657-929a-36da04a74f36,Computer Systems Analyst I
146,Carl,Evans,cevans41@mozilla.com,61d45a6f-941e-4430-b8ce-e3dbac903fc4,Technical Writer
147,Laura,Bishop,lbishop42@imageshack.us,c9e3de31-e8d6-4a1e-afac-41ab99ea1d76,Junior Executive
148,Norma,Turner,nturner43@netlog.com,7505d94d-d70a-4fba-b907-661ff2ae8291,Community Outreach Specialist
149,Louis,Evans,levans44@bandcamp.com,bb843ae0-23c9-4482-a065-ad69344fc6d7,Accountant II
150,Thomas,Phillips,tphillips45@meetup.com,3129ba67-9154-4cb6-9c40-fb66b9e74d03,Registered Nurse
151,Roy,Rose,rrose46@ca.gov,8b29779f-eb22-4d45-90e8-342de1e79baf,Statistician II
152,Jeffrey,Grant,jgrant47@gnu.org,63f63b6d-a4ae-46c5-a5cb-cd795371c6ce,Payment Adjustment Coordinator
153,Theresa,Andrews,tandrews48@ifeng.com,1ec0d813-0347-42f3-b7d5-9a938c4c010c,Developer I
154,Bobby,Castillo,bcastillo49@indiegogo.com,ef9b94ce-fbd2-414c-a0e0-789022549765,Software Consultant
155,Nancy,James,njames4a@ca.gov,61815b25-8d0e-46e1-8c0c-5ee34a59a12d,Physical Therapy Assistant
156,Chris,Shaw,cshaw4b@indiatimes.com,840fc42a-8fb7-4b3a-9bca-aa766629aef5,Cost Accountant
157,Willie,Riley,wriley4c@buzzfeed.com,55c57d73-2637-4678-a4be-a323146c309a,Payment Adjustment Coordinator
158,Karen,Holmes,kholmes4d@1688.com,7d70fed8-e903-4bc4-bf50-88d66bf9a1a0,Software Engineer I
159,Theresa,Vasquez,tvasquez4e@godaddy.com,df6a5ef9-207e-4df8-9918-7338a416e637,Analog Circuit Design manager
160,Mary,Gilbert,mgilbert4f@gov.uk,5dbad63d-2d34-4909-ba07-3732cea93322,Statistician IV
161,Joseph,Crawford,jcrawford4g@github.com,23fb05d8-1a12-4b70-8b32-e59993b198ae,Registered Nurse
162,Linda,Evans,levans4h@ning.com,a21e021d-60ab-4d53-9449-f790506e790b,Director of Sales
163,Andrew,Cox,acox4i@simplemachines.org,96867f47-a941-4f71-83ef-db76307f6d40,Recruiter
164,Mary,Perez,mperez4j@dailymail.co.uk,bd4b4df8-81b1-41e5-8aa2-ed403a267237,Assistant Manager
165,Brian,Austin,baustin4k@reference.com,f18a1859-1ece-4650-bd48-4b45d9a18a6b,Pharmacist
166,Timothy,Thompson,tthompson4l@slideshare.net,29ab52d3-775e-4c52-80b0-aaa844e5faa8,Tax Accountant
167,Anne,Schmidt,aschmidt4m@csmonitor.com,628f471b-acd2-4d25-927b-66b262e29654,Budget/Accounting Analyst II
168,Kelly,Gibson,kgibson4n@skype.com,83572abc-a1cd-430e-a487-3ddaad5c8b99,Structural Analysis Engineer
169,Michael,Rose,mrose4o@gizmodo.com,50988ea4-4961-4b65-afa3-8df069745c5e,Civil Engineer
170,Timothy,Hill,thill4p@bing.com,244496bf-3db2-4c9b-ad74-87aea4abab59,Account Coordinator
171,Evelyn,Fox,efox4q@google.pl,596ddc94-04f0-49b9-bf22-0b0dcc8097a3,Professor
172,Timothy,Chapman,tchapman4r@yandex.ru,bd8b5bdd-4b01-4f6d-8bb2-84f535c5d2f3,Web Developer IV
173,Patrick,Burns,pburns4s@sbwire.com,c124e00c-568b-42a2-a4c0-c7c2fe3cce46,Design Engineer
174,Louis,Rivera,lrivera4t@blogspot.com,faa81aa4-362d-4d2c-ba92-ecc1df60a39d,Recruiter
175,Joseph,Ray,jray4u@blog.com,6143bd9f-4ca6-42d6-9d11-9a4ba46c0d6c,Mechanical Systems Engineer
176,James,Green,jgreen4v@archive.org,b93ba630-fee2-420c-b7cc-7dc63c39df7e,Environmental Specialist
177,Victor,Hanson,vhanson4w@economist.com,032d8cb0-4e1e-4d1d-9713-21747ac54661,Staff Scientist
178,Philip,Harris,pharris4x@shareasale.com,f2830559-13cd-40f5-a239-4f2db721ad5b,Project Manager
179,Maria,Hunter,mhunter4y@unicef.org,e7a20408-8681-4505-9f39-65ec522b1536,Account Coordinator
180,Victor,Vasquez,vvasquez4z@oaic.gov.au,a0a2682a-316e-438a-9516-91f84925cf4c,Account Executive
181,Louise,Harvey,lharvey50@paypal.com,1c840cb2-656c-4cb2-8ccc-dab61b665b88,VP Quality Control
182,Lois,Wagner,lwagner51@privacy.gov.au,6f7e5bfb-58df-4dfb-bdf2-34e7b5d5041b,Recruiting Manager
183,Joseph,Fisher,jfisher52@photobucket.com,466c34d8-6d2f-4887-9765-44504ed1f6fa,Help Desk Technician
184,Irene,Coleman,icoleman53@miibeian.gov.cn,357a69ed-230c-4ec3-9396-6201ca6994cf,GIS Technical Architect
185,Philip,Coleman,pcoleman54@nydailynews.com,484ef852-22dc-4916-8eb4-e0c58f141e88,Human Resources Assistant III
186,Lisa,Payne,lpayne55@theglobeandmail.com,d6808da5-1177-44fb-ab30-422770e695a7,VP Accounting
187,Debra,Richards,drichards56@google.com,acdffb8e-1da9-4875-a4bc-9c97c1ec522d,Chemical Engineer
188,Helen,Lynch,hlynch57@hhs.gov,2cf62c0a-85cc-4f10-8ad9-57cfd7b6ebc9,Administrative Officer
189,Jesse,Cunningham,jcunningham58@ovh.net,eb2ed035-7592-492a-b7ca-49540aa32d7d,Food Chemist
190,Ruth,Ward,rward59@fc2.com,2dab24e6-d2d6-4152-b961-428e1f086011,General Manager
191,Wanda,Gray,wgray5a@slideshare.net,7b136cdc-8e3c-4f8a-9b5d-26f3aa1a4d71,Programmer II
192,Helen,Mcdonald,hmcdonald5b@weibo.com,7c77c285-156e-4296-8634-74d856785394,Technical Writer
193,Robin,Burke,rburke5c@independent.co.uk,72260adf-2cd4-4a05-8db0-c80b6a519942,Dental Hygienist
194,Shirley,Burns,sburns5d@51.la,61fcfb5d-39b5-44f5-b9f2-b7f6dd845221,Dental Hygienist
195,Charles,Payne,cpayne5e@epa.gov,c08339bc-c436-4666-acf5-6b6ae833c5ef,Media Manager I
196,Benjamin,Hill,bhill5f@example.com,3915ef19-5788-4b89-8409-8963f2758f61,Media Manager IV
197,Susan,Martin,smartin5g@aol.com,a9158fb8-46ca-4c1a-b1d2-294665b61632,Nurse
198,Ernest,Green,egreen5h@soup.io,46b30115-0c91-4050-8e93-6e347ccf191b,Computer Systems Analyst II
199,Bruce,Harrison,bharrison5i@twitpic.com,21f54f7f-b4a2-42ec-b279-4759588089c9,Sales Associate
200,Joshua,Meyer,jmeyer5j@google.cn,68a7cbdb-7748-42af-9d91-320da08b13d7,Senior Financial Analyst
201,Brandon,Nguyen,bnguyen5k@wikimedia.org,5f4f689c-0f60-4188-8179-bb562d814502,Human Resources Manager
202,Betty,Morales,bmorales5l@examiner.com,7f65f42c-d5b4-4282-914b-fa416f4c65ec,Professor
203,Arthur,Gordon,agordon5m@ebay.com,4f33b4f7-3499-4d64-b7ea-1ad691aa57f1,VP Marketing
204,Kelly,Carter,kcarter5n@123-reg.co.uk,e9fae863-5790-44b0-ac29-ca521fb42bf9,Analog Circuit Design manager
205,Diana,George,dgeorge5o@china.com.cn,d0bdbea2-daee-4371-9a62-54d185ae2417,Payment Adjustment Coordinator
206,Fred,Castillo,fcastillo5p@who.int,9f37b32e-9e79-43f4-9404-f27602fc767f,Programmer III
207,Shirley,Medina,smedina5q@virginia.edu,0e51e870-279b-4386-8943-a7c50ec9d627,Safety Technician I
208,Adam,Dixon,adixon5r@squidoo.com,6e75d70b-7e35-4c36-b79a-1cba846744eb,Recruiter
209,Benjamin,Cox,bcox5s@ted.com,31273bbd-06bf-4fc4-afc2-4efd24b93208,Financial Advisor
210,Lillian,Hayes,lhayes5t@dropbox.com,18eb4dd5-94df-4aa8-aaac-7efe8b6867cb,Staff Accountant III
211,Keith,Burns,kburns5u@zimbio.com,8549b934-f0c4-4627-a861-c08a8b7f018c,Assistant Media Planner
212,Mildred,Porter,mporter5v@yale.edu,51c2a94a-3c9a-4a5c-9565-993464296f34,VP Quality Control
213,Joan,Gonzales,jgonzales5w@house.gov,ca5c5c67-fe80-4358-b210-2050b4198f17,Programmer IV
214,Kathleen,Lewis,klewis5x@issuu.com,0b2cc0ea-f910-49cc-853b-8ee3e453e37f,Budget/Accounting Analyst III
215,Joshua,Nguyen,jnguyen5y@mozilla.org,1a6cc784-86a4-4f00-9b63-8261c4d2237c,Human Resources Assistant III
216,Adam,Richards,arichards5z@odnoklassniki.ru,1351efc0-eec0-45f6-9f9c-1276fcc78e69,Product Engineer
217,Scott,Andrews,sandrews60@ameblo.jp,2e247d68-01fb-41e8-90a1-8d1e22be71c7,Structural Analysis Engineer
218,Jennifer,Owens,jowens61@furl.net,5f5e1dec-75c9-4ee8-8c43-e9c9c760a5a8,Computer Systems Analyst III
219,Jeffrey,Morgan,jmorgan62@livejournal.com,7da87e93-51d0-41a9-8866-bde6e7bf9520,Staff Accountant IV
220,Patricia,Martinez,pmartinez63@e-recht24.de,9e0a8dfd-cd4e-4d02-a291-56f6747c7880,VP Sales
221,Wayne,Ross,wross64@blogspot.com,68ae32db-2097-4fee-82ca-833f4cee4cf2,GIS Technical Architect
222,Debra,Fowler,dfowler65@tripadvisor.com,8bf58ec4-6409-40bc-8775-116560b0a510,Staff Scientist
223,Brenda,Alvarez,balvarez66@army.mil,90325933-a66a-4185-b158-b3acccc21fda,Legal Assistant
224,Ann,Cruz,acruz67@baidu.com,0244c426-54ce-4890-ad45-f227cabb4324,Data Coordiator
225,Julie,Ruiz,jruiz68@digg.com,36696fd3-4a50-4010-a96f-f49934621d98,Chemical Engineer
226,Wayne,Davis,wdavis69@chicagotribune.com,da52697e-3863-4fd4-89d4-5bcc3b520476,Data Coordiator
227,Helen,Ward,hward6a@buzzfeed.com,dac417f0-428c-4c03-af1f-03c5b0edd18f,Director of Sales
228,Robert,Little,rlittle6b@latimes.com,713c306b-4b1d-4b45-ac83-9de8f6a9723b,Desktop Support Technician
229,Steve,Willis,swillis6c@homestead.com,0e9a3525-07db-4e0c-ba08-ff61a76d2340,Speech Pathologist
230,Pamela,Peterson,ppeterson6d@tripadvisor.com,a02deda1-c12d-4e1f-880c-d80bb135850a,Tax Accountant
231,Benjamin,Russell,brussell6e@cbsnews.com,733ce314-d826-4463-9451-30320d2364a4,Associate Professor
232,Sean,Campbell,scampbell6f@shinystat.com,22339a04-7a22-414e-bd69-05d8b283e6c7,Systems Administrator III
233,Henry,Green,hgreen6g@blinklist.com,0a6c8096-9f3e-453c-bcc7-c861ee20fda2,Web Designer I
234,Barbara,Robinson,brobinson6h@alexa.com,1efb49ac-9648-4e58-9bfe-b31791b9ff0c,Product Engineer
235,Howard,Hughes,hhughes6i@usgs.gov,68d5a779-7703-4e9f-aa9a-31442e1b2ece,Web Designer III
236,Aaron,Adams,aadams6j@umn.edu,0d016d42-6fc4-481e-8082-fcec26a4e0c5,Database Administrator I
237,Ryan,Dean,rdean6k@ning.com,7fb671ef-dcae-4812-810f-2494c44f5532,Research Associate
238,William,Tucker,wtucker6l@opensource.org,8ea26966-f1a9-414e-921a-bdefb7a49391,Environmental Tech
239,Annie,Collins,acollins6m@odnoklassniki.ru,9e28ea5e-ae5d-4b1f-baa0-70c25abdd11d,Sales Associate
240,Cheryl,Meyer,cmeyer6n@last.fm,d5e324a6-16b4-4b96-a1be-1834d2444f95,VP Quality Control
241,Gary,Hayes,ghayes6o@forbes.com,7040255b-6c5b-4e5c-9e4d-7aa20ebd5f97,Administrative Assistant I
242,Diane,Bell,dbell6p@cyberchimps.com,d597a7b5-f351-4eff-b7ba-f7d3fcd9b6a3,Safety Technician IV
243,Sarah,Burns,sburns6q@eventbrite.com,5f4d570b-c524-47be-9eec-6a9dc9aee828,Administrative Assistant III
244,Todd,Fields,tfields6r@hp.com,7c7e6ec0-4ca9-47b8-9b75-7d9a84faacff,Clinical Specialist
245,Robin,Perkins,rperkins6s@flavors.me,d840f60f-a668-4956-9943-9c8407f56a09,Desktop Support Technician
246,Bonnie,Gutierrez,bgutierrez6t@army.mil,ffb255a4-ec93-46d0-9cdc-70be20730aba,Programmer III
247,Christopher,Cruz,ccruz6u@ucoz.com,0185d755-e50e-46d9-9809-614d034999fd,Systems Administrator III
248,Walter,Price,wprice6v@about.com,a6cebecc-aa6c-4cf4-a426-af3dcdd72626,Systems Administrator I
249,Samuel,Carter,scarter6w@indiatimes.com,f00ebfae-6317-4024-93ed-8dcd114f39e9,Research Associate
250,Amy,Carter,acarter6x@gnu.org,f613cf02-4540-4fe9-8bdb-1ccb809a2258,Mechanical Systems Engineer
251,Amanda,Butler,abutler6y@ovh.net,7e1d00a4-bdb1-4a76-b12e-0dbc524e4b5b,Safety Technician II
252,Beverly,Jenkins,bjenkins6z@mtv.com,5f11a756-c23e-406f-ab9a-ca03a8f09a9e,GIS Technical Architect
253,Ruth,Chapman,rchapman70@jiathis.com,4a8ad499-3a7f-4815-94c0-bc6b4f7473c2,Developer II
254,Eugene,Watkins,ewatkins71@vinaora.com,f572d598-1276-4f10-8218-2f85906bfef5,Occupational Therapist
255,Peter,Howell,phowell72@bloglovin.com,609762cf-bc17-4f73-9ad0-4224ba6ef103,Web Designer II
256,Victor,Hicks,vhicks73@walmart.com,b3183431-6ef4-465b-ba91-99e728d7150c,Technical Writer
257,Patricia,Dixon,pdixon74@unblog.fr,3feabe71-164d-45d1-9c4d-8327954e7e3e,Professor
258,Johnny,Williamson,jwilliamson75@europa.eu,aaaf709f-a5f3-402b-bf9b-afbf13af30e4,General Manager
259,Ann,Mills,amills76@wp.com,2c0bce8f-ea96-4694-b906-ed3d1b74c93e,Environmental Specialist
260,Jennifer,Kennedy,jkennedy77@oakley.com,538ca0b2-0dc0-4c85-b0d9-22d069026d86,Paralegal
261,Gloria,Richards,grichards78@yandex.ru,75f1c12d-9226-48d0-b464-9019ba224878,Associate Professor
262,Charles,Hall,chall79@macromedia.com,d41eb4bd-031b-4935-a7fa-ac758ff9865b,Operator
263,Mildred,Fuller,mfuller7a@ibm.com,bd53487e-d056-44a1-a0f5-a2c3e7c7e7f6,Editor
264,Howard,Welch,hwelch7b@usda.gov,9d5ce573-bcef-46e9-8fd1-624fbeaa1d6a,Payment Adjustment Coordinator
265,David,Sanchez,dsanchez7c@plala.or.jp,4fbf6582-03b9-4af7-888f-45c2f2b9f608,Nuclear Power Engineer
266,Louise,Thompson,lthompson7d@sciencedirect.com,2dd7f5f3-b155-4ab2-ba0c-b3bdc62e90c0,Executive Secretary
267,Kenneth,Holmes,kholmes7e@paypal.com,1f3c2af3-9fc1-415c-8bd5-a305239ef6bf,Mechanical Systems Engineer
268,Douglas,Garrett,dgarrett7f@theatlantic.com,58b8f363-d965-48c1-9c8a-2c3d9d1b5609,VP Sales
269,Jennifer,Peters,jpeters7g@goodreads.com,ab28de3f-979f-4c6c-be89-2ccb588cc330,Internal Auditor
270,Marilyn,Butler,mbutler7h@bizjournals.com,76316525-373d-475d-8a13-53f7ea08a3d8,Sales Associate
271,Dorothy,Howard,dhoward7i@ucoz.ru,27972e7d-e998-4d80-b896-83810c4fad07,Internal Auditor
272,Jimmy,Miller,jmiller7j@booking.com,b4ebecf8-e4d4-4a23-8799-d882bc976f27,Electrical Engineer
273,Bonnie,Oliver,boliver7k@spotify.com,bdc1e6a5-67a5-4c4e-b2bc-665e0ae2845a,Automation Specialist IV
274,Doris,Mitchell,dmitchell7l@bbc.co.uk,d3f9fc92-10a3-4cda-8189-1bf5b22afac7,Compensation Analyst
275,Joseph,Sims,jsims7m@theguardian.com,feb0eb04-111d-41cc-b5f7-7526fafd070f,Statistician III
276,Nancy,Mendoza,nmendoza7n@bluehost.com,3e9d8e14-e9cd-4194-a393-c6b4492c05e2,Structural Engineer
277,Jose,Ruiz,jruiz7o@multiply.com,d33f8460-d0c8-49af-ac1f-4f051c450973,Information Systems Manager
278,John,Harrison,jharrison7p@aol.com,32d332f2-0874-471c-866d-af50cd58b80c,Sales Representative
279,Roger,Cunningham,rcunningham7q@upenn.edu,5668ee1e-dde7-431c-8ed0-cbdf1c14bac2,VP Product Management
280,Joyce,Austin,jaustin7r@irs.gov,368b27b6-8c2c-4a70-9815-23a0fc2a572f,Structural Engineer
281,Samuel,Gonzales,sgonzales7s@washington.edu,3ec3a81c-269c-45ee-b6f6-c01c4a02086b,Professor
282,Michael,Watkins,mwatkins7t@fc2.com,039ca62c-1c12-4194-b453-fbadc3743d48,Environmental Tech
283,Jean,Hunt,jhunt7u@fotki.com,7e6fa9aa-c350-4a22-8148-e5680f7297cd,Project Manager
284,Craig,Mccoy,cmccoy7v@narod.ru,27b34637-4487-4da6-8955-dc5f5a759c17,Paralegal
285,Lillian,Howell,lhowell7w@psu.edu,e686ea87-cabb-418d-a458-66751454eaae,Speech Pathologist
286,Willie,Duncan,wduncan7x@chron.com,c5b4b42f-3c04-44fd-ac48-ee0002f2b529,Database Administrator IV
287,Justin,Palmer,jpalmer7y@w3.org,8f5e6c35-2db7-4fcf-b349-b959dcb76a55,Mechanical Systems Engineer
288,Sean,Wells,swells7z@army.mil,fca31851-6e4a-472e-899b-fcca538b3ef2,Senior Cost Accountant
289,Willie,Jackson,wjackson80@nyu.edu,e18e486d-54ec-4c7f-995a-7e225e2e1ddb,Structural Analysis Engineer
290,Robert,Diaz,rdiaz81@vistaprint.com,310899a6-8942-4611-8f65-65233682a971,General Manager
291,Louise,Freeman,lfreeman82@patch.com,e6ddd495-8812-4c4c-bb5e-2f834e7ce0ca,Project Manager
292,Barbara,Montgomery,bmontgomery83@nydailynews.com,dcec221d-e3aa-4ea6-a45f-6355526ce5dd,Staff Scientist
293,Kelly,Simmons,ksimmons84@stumbleupon.com,b0805df6-f84e-42ce-b5af-c41c9dce2931,Nurse
294,James,Hughes,jhughes85@vistaprint.com,692ac28f-17dd-4695-a232-7c03887087f3,Environmental Tech
295,Jeffrey,Robinson,jrobinson86@a8.net,1044eca2-3849-4410-8181-e5f9601d1e5b,Recruiter
296,Cynthia,Perry,cperry87@msu.edu,c8c30a6f-6b39-4a3f-9266-13694c7914af,Graphic Designer
297,Evelyn,Sims,esims88@answers.com,1b41e82b-49f2-4735-86fa-27f03bcd8c49,Social Worker
298,Kathryn,Banks,kbanks89@artisteer.com,24d86bef-3c86-4918-b987-e7a29b4a4630,Budget/Accounting Analyst II
299,Jean,White,jwhite8a@blog.com,fa5219f2-3893-4e8f-84b5-5e8ed549d8dc,Registered Nurse
300,Rebecca,Thomas,rthomas8b@deliciousdays.com,3f389cf7-bdc0-41f7-bd47-098754195f84,Operator
301,Alice,Bowman,abowman8c@rediff.com,e1aec782-5d7e-43bd-9c84-48edfbe3f3b6,Community Outreach Specialist
302,Ryan,Taylor,rtaylor8d@marketwatch.com,e0241ebd-fb6b-4171-903d-605d39d58f11,Editor
303,Douglas,Arnold,darnold8e@gov.uk,770927cf-3a63-4c3e-8e2b-0e7a1b527be8,Environmental Specialist
304,Jesse,Welch,jwelch8f@google.nl,9e7e1712-ab5a-4ad3-bab3-90e2e36348f2,Senior Financial Analyst
305,Nancy,Mccoy,nmccoy8g@blinklist.com,56acb84a-16ad-4f9f-a80e-5f4694d753e8,Design Engineer
306,Jack,Reid,jreid8h@canalblog.com,719ae0db-9ea8-461a-99ca-b9fc181f29a4,Community Outreach Specialist
307,Julia,Peters,jpeters8i@marketwatch.com,1b94f5f8-5082-4381-aefb-2c4bf470900b,Junior Executive
308,Jeffrey,Morgan,jmorgan8j@nps.gov,35a55be5-0c94-43ee-8f8a-da1e94c62a61,Analyst Programmer
309,Melissa,Elliott,melliott8k@e-recht24.de,b49484ce-7591-4f47-b1de-d9548045fcd2,Project Manager
310,Craig,Sanchez,csanchez8l@opera.com,1782e18b-3115-44ad-b512-ee58d5120cf1,Research Associate
311,Diane,Lynch,dlynch8m@bravesites.com,9cc31a78-bef9-461e-b1a9-018549c97042,Technical Writer
312,Denise,Burns,dburns8n@geocities.jp,9a0b1e35-9d78-4ba4-a5d5-5c408deb26cc,Systems Administrator III
313,Susan,Bryant,sbryant8o@phoca.cz,722e0461-4c56-4a3d-ac58-24eac4916405,Software Consultant
314,Debra,Garza,dgarza8p@nba.com,24be3802-ba60-414c-8989-1d1348882fe4,Electrical Engineer
315,Arthur,Carter,acarter8q@homestead.com,0954c3c7-541d-4f4d-8865-09a4449f848f,Senior Quality Engineer
316,Amy,Flores,aflores8r@prlog.org,4bec7aa4-95ef-42ac-b9f8-f47523f1d929,Senior Cost Accountant
317,Paula,Mills,pmills8s@nih.gov,ceaa8342-82ff-4503-9608-58a18adf4247,Information Systems Manager
318,Sara,Webb,swebb8t@sphinn.com,097b9339-8af3-46e0-aa91-cb58f4a99b59,Biostatistician II
319,Ralph,Cox,rcox8u@reference.com,7396d5fd-db74-45f4-bb79-dc7b7218809a,Assistant Professor
320,Deborah,Graham,dgraham8v@ihg.com,e40911e0-8b3d-4700-ac05-e6b610693d61,Administrative Assistant I
321,Kathryn,Mccoy,kmccoy8w@odnoklassniki.ru,b1b8a68e-8f94-4f0a-9343-1bfd9ea1aa97,Engineer II
322,Henry,Sullivan,hsullivan8x@mashable.com,32560c66-03b0-4c0e-a10b-396856728ebd,Senior Sales Associate
323,Robert,Snyder,rsnyder8y@google.de,0a488e32-c650-445f-bc01-7798675d602b,Assistant Media Planner
324,William,Morris,wmorris8z@uiuc.edu,c5c492e2-3132-4b2d-9829-21dc3a73520d,Assistant Media Planner
325,Andrew,Bennett,abennett90@archive.org,5463b4ff-2af1-4f3c-9149-f69be1445ca7,Administrative Assistant III
326,Larry,Willis,lwillis91@nifty.com,7526d852-737a-48f0-9b91-862f5032b7c7,Assistant Media Planner
327,Barbara,Cunningham,bcunningham92@netlog.com,d5cc442a-850c-4791-ae1f-7b02399e99cd,Environmental Specialist
328,Maria,Boyd,mboyd93@gnu.org,06e3beb7-ab1d-448b-a5d4-d92254e719e2,Geologist I
329,Linda,Kim,lkim94@xinhuanet.com,e108e22e-d2e3-4cf1-8b49-27f8ee6604cc,Actuary
330,Peter,Dean,pdean95@sourceforge.net,2342272a-14bc-47ca-a197-2ab2fccf6556,Programmer Analyst I
331,Julia,Ramos,jramos96@unblog.fr,93e0ec4a-12fb-4408-b1e7-196e0d91386f,Geological Engineer
332,Beverly,Fisher,bfisher97@harvard.edu,308d3220-557b-4e2f-bf0c-65290c9cf07d,Systems Administrator I
333,Stephen,Ray,sray98@marriott.com,0f4d473c-5eb1-4168-86ff-70611ad39956,Statistician II
334,Laura,Welch,lwelch99@noaa.gov,b4e928bf-8ca1-464d-b36c-618dc44f73f0,Environmental Specialist
335,Mildred,Mason,mmason9a@issuu.com,caa4bc39-0607-4ce8-b4fc-16245da2be30,Senior Editor
336,Clarence,Cunningham,ccunningham9b@networkadvertising.org,1150d883-e538-41ad-a04c-d69998cfbdd1,Human Resources Manager
337,Frances,Ramirez,framirez9c@joomla.org,04268424-b5db-4572-91a2-a81dd25b277d,Senior Sales Associate
338,Ruth,Fox,rfox9d@fema.gov,b63747eb-aee7-455b-bea2-860c52bf3f58,Assistant Manager
339,Gloria,Barnes,gbarnes9e@intel.com,1cd0af23-24fc-44a4-94a7-6a3d6069046c,Biostatistician III
340,Jane,Sanders,jsanders9f@google.com.br,5bbd5906-4594-4314-9464-271d93ac488a,Data Coordiator
341,Joseph,Carroll,jcarroll9g@state.tx.us,6322bc60-e88b-4420-9f35-e06efc0e0703,Physical Therapy Assistant
342,Judith,Watkins,jwatkins9h@youtu.be,7573af51-1c6d-431a-8caa-2e5c4a57de9c,Senior Editor
343,Donna,Porter,dporter9i@barnesandnoble.com,4f25a97d-0d05-4752-b0b2-c425828ac316,Executive Secretary
344,Andrew,Mcdonald,amcdonald9j@furl.net,cf2244e0-0137-4823-b691-21431efa0f44,Operator
345,Thomas,Boyd,tboyd9k@ycombinator.com,f1f53751-2aa8-4d13-92dc-f60100b3e124,Occupational Therapist
346,Shawn,Roberts,sroberts9l@networksolutions.com,d5fb581e-28d1-44d8-a2e4-b5730ee854f9,Nurse
347,Dennis,Watson,dwatson9m@bing.com,a188f60d-baea-4b5f-8e62-391a51b1bce3,Compensation Analyst
348,Virginia,Bennett,vbennett9n@mozilla.com,ed0dafb7-6f0f-40d7-bae2-46ed1b55dd81,Assistant Professor
349,Diana,Hicks,dhicks9o@skyrock.com,daf3c712-5a25-4b8b-b891-43cb9a40c3e0,Product Engineer
350,Craig,Roberts,croberts9p@washington.edu,777247ec-c2f5-443b-9b64-4d9364945837,Director of Sales
351,Tammy,Burke,tburke9q@twitpic.com,bce96727-4e44-4bd1-a850-69c8a389e311,Senior Editor
352,Jesse,Chapman,jchapman9r@bravesites.com,1e373c2e-40e3-4153-8ed7-52dc1952911e,VP Sales
353,Carl,Johnson,cjohnson9s@t.co,f41d5a1b-7006-4820-bafb-aac446e2f2ae,Technical Writer
354,Lawrence,Jones,ljones9t@google.ca,40299982-3c7a-4007-b128-0524f5e2f0ca,Senior Financial Analyst
355,Kelly,Perkins,kperkins9u@berkeley.edu,a74d2fad-bf1a-452a-ba30-d647a880b39b,Geologist II
356,Willie,Spencer,wspencer9v@bravesites.com,50f0dd57-6237-403a-9df4-dceb90911c29,Computer Systems Analyst IV
357,Janet,Harrison,jharrison9w@upenn.edu,df3764ac-4c3f-42aa-a120-380bd5db28e9,Help Desk Operator
358,Bonnie,Parker,bparker9x@github.io,db34f7a9-7d11-4e43-b1df-b30fde6a3c96,Sales Representative
359,Samuel,Howard,showard9y@vistaprint.com,67312ed0-e2d6-4b70-8db3-40612383a697,Assistant Professor
360,Angela,Olson,aolson9z@vinaora.com,24863a98-15d7-4186-b0a7-6ecf8c8a86fa,Biostatistician III
361,Jimmy,Shaw,jshawa0@techcrunch.com,0974a6c1-25cc-4c01-8e03-746ae9a3bfe6,Speech Pathologist
362,Louis,Dunn,ldunna1@blogger.com,8b80d075-dba5-441d-8d55-043e48f37927,Office Assistant I
363,Clarence,Fowler,cfowlera2@arstechnica.com,0fc302b0-c83f-4c99-bf2a-ad439366c208,Health Coach IV
364,Steve,Montgomery,smontgomerya3@discuz.net,d2bd1549-5fe6-4a36-a04c-d949a4d0859c,Senior Developer
365,Maria,Greene,mgreenea4@zdnet.com,04f0b6ea-1acc-4dfe-a2e0-e5242a49ce8e,Research Nurse
366,Sarah,Murray,smurraya5@ameblo.jp,d1ca15e0-16b9-496a-bc64-36d9567a1bb5,Nurse Practicioner
367,Willie,Arnold,warnolda6@google.nl,abcba54d-5b7f-4c4c-bd25-1b36e4ce85d2,Physical Therapy Assistant
368,Phillip,Ward,pwarda7@ed.gov,7085691c-0d56-41db-911a-bb3428c0454b,Senior Editor
369,Wanda,Vasquez,wvasqueza8@trellian.com,24147daf-a5e9-4730-9561-d4c06caf036a,Civil Engineer
370,Sara,Martinez,smartineza9@dagondesign.com,95dbd560-6802-43a7-a1c3-f15c73947c4e,Structural Engineer
371,Matthew,Chapman,mchapmanaa@washington.edu,d56e1a18-e1aa-4870-9321-429510073e30,Dental Hygienist
372,Paul,Hayes,phayesab@jugem.jp,b37a9fe8-bc12-4fd6-91e7-c2597995095e,Physical Therapy Assistant
373,Roy,Hudson,rhudsonac@yandex.ru,a43e095b-a049-4b50-942e-c2dc7fb2aa36,Recruiter
374,Linda,Little,llittlead@canalblog.com,4658e90f-bae4-4409-b6e5-39fb627c5809,Payment Adjustment Coordinator
375,Diana,Lopez,dlopezae@oakley.com,684a4524-16a0-4a15-9c63-0949fe1da6b2,Teacher
376,Joshua,Ferguson,jfergusonaf@meetup.com,e1bd72ff-47de-466c-8277-44f45a856aad,Office Assistant IV
377,Jennifer,Larson,jlarsonag@addtoany.com,031a77b2-451b-4f72-95cd-dc214d704a3a,Operator
378,Diane,Marshall,dmarshallah@privacy.gov.au,1350199c-9bc5-4cfe-b0dd-da442fe73ca3,Assistant Professor
379,Daniel,Bennett,dbennettai@cnn.com,c22dc9a3-8c79-468c-b62f-642b0733c353,Registered Nurse
380,Paul,Schmidt,pschmidtaj@google.com,677b6386-0844-4ac5-9e73-e135a7de3475,Dental Hygienist
381,Harold,Phillips,hphillipsak@google.com.br,8b7a1841-214f-46c7-973b-74c8144ab293,Occupational Therapist
382,Willie,Adams,wadamsal@lulu.com,2b0ff57e-f400-4bbb-83d6-e8d0aa730a43,Librarian
383,Linda,Alexander,lalexanderam@apache.org,2999075e-41ca-433e-8e3d-abfa55590b51,Web Developer II
384,Sarah,Ramos,sramosan@howstuffworks.com,080df0a0-6b0a-4f82-a123-27fb6c2e3827,Graphic Designer
385,Wayne,White,wwhiteao@weibo.com,f981821a-a4ab-48bf-8c1b-23dc2d138eff,Director of Sales
386,Harry,Bailey,hbaileyap@qq.com,eddcce96-85d2-4a75-9fb5-b8339850b257,Legal Assistant
387,Lori,Morrison,lmorrisonaq@blogtalkradio.com,f6cd668e-9523-4ac8-b8ab-5045974b36b7,Assistant Professor
388,Joseph,Murphy,jmurphyar@prweb.com,11793105-146b-48f5-bb41-a3474b640349,Administrative Assistant I
389,Chris,Bowman,cbowmanas@hao123.com,e4a19d36-e928-4b09-9dd0-a6ae2ea258f5,Mechanical Systems Engineer
390,David,Lawson,dlawsonat@free.fr,f6ce6093-7ec0-49b7-b660-4e127cd5cc01,VP Accounting
391,Randy,Smith,rsmithau@ca.gov,81f42afa-28de-42d9-8d78-2f9192377499,Payment Adjustment Coordinator
392,Michael,Knight,mknightav@seattletimes.com,5579e102-8e06-433e-b058-17c0acc41c44,Analyst Programmer
393,Evelyn,Holmes,eholmesaw@huffingtonpost.com,025ea264-7758-44ac-ac9e-b907853bc5ef,Media Manager IV
394,Janet,Wright,jwrightax@fda.gov,0b7f5da2-69e2-4c4b-b6b2-1631368f6692,Sales Associate
395,Raymond,Perry,rperryay@google.com.hk,3fba468d-dc7f-4d50-b248-3e88180c572b,Occupational Therapist
396,Adam,Bowman,abowmanaz@tripadvisor.com,2f0579d6-8778-4dba-9bab-cb4b50950610,Senior Quality Engineer
397,Gerald,Ramirez,gramirezb0@mozilla.org,c1449085-287a-49e5-8d2b-7ac5c318bb47,Tax Accountant
398,Virginia,Shaw,vshawb1@amazon.com,6d67245d-874b-470a-8376-126f25335ac7,Food Chemist
399,Ryan,Stanley,rstanleyb2@dedecms.com,e83e793a-1858-40f0-ad77-1b3cd0617140,Quality Control Specialist
400,Jesse,Taylor,jtaylorb3@liveinternet.ru,65b7c81f-f308-40ca-8202-54dd414d4e89,Statistician I
401,Joseph,Hamilton,jhamiltonb4@cnet.com,02fd1d1c-efd1-4e03-9d30-7eb0253d43df,Legal Assistant
402,Earl,Harris,eharrisb5@flickr.com,721562d6-75af-4b71-8e23-ccca520f221f,General Manager
403,Betty,Hill,bhillb6@lulu.com,0e970ecd-952f-4c2f-a1a0-9d10c758efbd,Graphic Designer
404,Laura,Lewis,llewisb7@networkadvertising.org,b7d1ab0a-55ba-41f4-a7ad-52740ae4d426,Dental Hygienist
405,Anne,Henry,ahenryb8@addtoany.com,1292033b-bf4e-4f29-81ae-0b50cec2ea66,Cost Accountant
406,Diane,Parker,dparkerb9@jimdo.com,8b756392-0b36-45ee-8057-c6045d935230,Desktop Support Technician
407,Irene,Rodriguez,irodriguezba@jalbum.net,164c2371-2662-4f14-8c1b-ab871c9a9903,Nurse Practicioner
408,Edward,Richards,erichardsbb@samsung.com,73aa457d-488b-40b6-91ab-b2ccff875e1a,Paralegal
409,Dennis,Kelly,dkellybc@e-recht24.de,7594f850-8449-4521-ae77-5084f15849c5,Editor
410,Andrew,Alexander,aalexanderbd@altervista.org,33f73273-c8b9-444b-9817-fd2b2ef20812,Senior Financial Analyst
411,Julie,Lopez,jlopezbe@printfriendly.com,3536321b-726a-49f0-bb0c-492ac059684c,Internal Auditor
412,Juan,Powell,jpowellbf@latimes.com,3bb2c34b-0c09-4cfe-a041-813076152fef,Mechanical Systems Engineer
413,Cheryl,Knight,cknightbg@youtube.com,987e80c9-7f94-49cc-bcfc-fc7b83574d8e,Senior Cost Accountant
414,Eric,Nguyen,enguyenbh@gov.uk,2f1ee12e-43fe-484b-8a70-46c1702ab537,Developer I
415,Jean,Dean,jdeanbi@amazon.de,3cbc2e55-525b-4ce7-a880-7f660f9413d2,Information Systems Manager
416,Larry,Fox,lfoxbj@dmoz.org,5f9370fb-0d14-4aba-9c60-57a0f3f57f50,Structural Engineer
417,Alan,Garcia,agarciabk@youku.com,8e5f8936-86fd-4747-bcf2-6cfae96784c7,Assistant Manager
418,Bobby,Morales,bmoralesbl@sfgate.com,02e74cfc-5bc9-4502-8322-adaaea2e6056,Software Engineer IV
419,Gloria,Grant,ggrantbm@npr.org,71cfba89-63f4-4464-b60a-c3808e5a12cb,Chemical Engineer
420,Clarence,Powell,cpowellbn@upenn.edu,b5b3837b-cf35-4957-9d2d-defe76d5ffa1,Programmer Analyst I
421,Sarah,Crawford,scrawfordbo@hp.com,ba068df5-104f-4481-a45e-040119b939ae,Database Administrator I
422,Alan,Thompson,athompsonbp@usa.gov,c7596af8-5395-4ff4-9bba-6e7313cff5b7,Speech Pathologist
423,Andrew,Montgomery,amontgomerybq@psu.edu,7c0bd00a-17fe-4046-b21d-4df8fde9f625,VP Quality Control
424,Chris,Dean,cdeanbr@hhs.gov,bcbfad50-50d9-409b-8d85-c255d0bd71d8,Senior Cost Accountant
425,Frank,Snyder,fsnyderbs@apple.com,49f25880-66b0-45ee-be8a-ba551f991e58,Accounting Assistant II
426,Arthur,Dunn,adunnbt@google.cn,7299285a-61a5-4884-bef8-18faee76d1ef,Actuary
427,Sandra,Oliver,soliverbu@twitpic.com,b4454fec-0d9d-4d77-94df-3433cb92dd21,Pharmacist
428,Clarence,Crawford,ccrawfordbv@elegantthemes.com,ef1e38bf-92bf-4a64-97ad-af71dc442cc7,Chief Design Engineer
429,Michael,Henry,mhenrybw@umich.edu,021a0dc9-3bc7-41cd-a7f7-a30e134b66d9,Senior Sales Associate
430,Ann,Sims,asimsbx@patch.com,1415c218-254d-47ad-ba0a-123335652306,Senior Editor
431,Judy,Shaw,jshawby@umn.edu,6abf10b0-e624-4b87-8c17-ead24a3e3911,Biostatistician I
432,Fred,Gomez,fgomezbz@geocities.jp,574f03c3-5af6-4296-808d-1b2c1fe91327,Help Desk Operator
433,Scott,Elliott,selliottc0@si.edu,4e56cc76-7b22-494c-aa4b-5fbd29b2c347,Environmental Tech
434,Russell,Elliott,relliottc1@geocities.jp,1c64a0c1-991b-444a-b130-08c70123aceb,Engineer III
435,Benjamin,Robinson,brobinsonc2@indiatimes.com,faafbbf6-4e10-47a0-95a8-909742d06135,Safety Technician II
436,Wanda,Day,wdayc3@comsenz.com,faa06ef1-0e72-4810-bd9c-4bfead1dd60a,Junior Executive
437,Bonnie,Hicks,bhicksc4@mtv.com,4f886833-fb16-4b2d-9850-55455b8927ea,Senior Developer
438,Andrea,Lee,aleec5@parallels.com,b0dc0eaf-d230-4382-986a-1d291ae8a72a,Librarian
439,Joshua,Chavez,jchavezc6@domainmarket.com,0be7aa60-9b64-498b-a4eb-de2993e6e45e,Registered Nurse
440,Kimberly,Gonzales,kgonzalesc7@1und1.de,808edd9c-f540-45ed-ba40-f545984327a7,Information Systems Manager
441,Katherine,Davis,kdavisc8@va.gov,7cb1767b-1f71-4eb2-bde1-9a01ae70a11e,Senior Financial Analyst
442,Terry,Watkins,twatkinsc9@yelp.com,bab00883-7ed2-48f3-8e1c-0dbae3f92cee,Software Test Engineer I
443,Timothy,Simmons,tsimmonsca@forbes.com,5e223e8a-0e4f-46db-8f2c-c3e6ed1d1158,Payment Adjustment Coordinator
444,Adam,Stewart,astewartcb@squidoo.com,35e6450f-3060-4035-9571-c4e9099f03ac,Software Consultant
445,Rebecca,Sims,rsimscc@photobucket.com,a09af49e-07ab-4b50-82a7-bb4b2e5df0ca,Associate Professor
446,Justin,Smith,jsmithcd@gizmodo.com,dfe43d84-0da3-4bb4-948c-44c3e5991413,GIS Technical Architect
447,Ruby,Ruiz,rruizce@sbwire.com,0b5d6792-3df9-4fe6-a95f-51adde27fbb8,Geologist I
448,Lawrence,Ford,lfordcf@slate.com,4a7820c4-8ca3-4e53-a04b-0be96ad0f2a2,Nurse
449,Cheryl,Gardner,cgardnercg@harvard.edu,57a7bf75-af05-4dd8-85f9-aa5f7b1af153,VP Product Management
450,Harold,Watson,hwatsonch@spiegel.de,dc0b6c41-5ce1-4d69-bc17-8e6b94391ea8,Business Systems Development Analyst
451,Nancy,Watson,nwatsonci@freewebs.com,87dccd32-0d96-4020-b265-7744b474716a,Quality Engineer
452,Thomas,Tucker,ttuckercj@quantcast.com,9b86a2e9-97af-460b-807a-9c3844abc41f,Health Coach II
453,Theresa,Cooper,tcooperck@imageshack.us,8f3c97b6-2619-4345-b8fe-be8080b19627,Recruiter
454,Harold,Young,hyoungcl@admin.ch,9146ee2c-6be2-4250-95f1-b401ca1ede9c,Assistant Media Planner
455,Lisa,Reid,lreidcm@marketwatch.com,b7f21cb7-bf9f-4251-9328-6adde71afb70,Help Desk Operator
456,Peter,Schmidt,pschmidtcn@newsvine.com,db36da8c-06e4-4e43-a943-4a4b5454af14,Health Coach II
457,Norma,Flores,nfloresco@toplist.cz,12b97b2a-d4d7-46a6-b86d-38f4dd27fd6b,Food Chemist
458,Steve,Adams,sadamscp@smh.com.au,14da6c2d-4e67-4435-ae09-d7503a1d616f,Administrative Officer
459,Charles,Dean,cdeancq@sakura.ne.jp,9797a26c-3de3-41a8-8ecc-0547938cae1c,Health Coach III
460,Steve,Warren,swarrencr@liveinternet.ru,08972af2-ce02-490b-a406-ac343de4b6dd,Geological Engineer
461,Judith,Gordon,jgordoncs@instagram.com,a57b543d-2cac-4433-b19d-0b2a1e8ed48f,Analyst Programmer
462,Irene,Stevens,istevensct@wix.com,e8e9c902-2bd7-46cc-8d01-0118008e5e13,Payment Adjustment Coordinator
463,Jonathan,Schmidt,jschmidtcu@woothemes.com,f5765c40-8974-4356-87f8-2d4dc2671e61,Human Resources Assistant I
464,Ruby,Perez,rperezcv@apple.com,cd6079e7-7d40-48bd-8e22-35cd629df190,Accountant III
465,Justin,Willis,jwilliscw@imageshack.us,07b03b82-3bec-4759-b7ef-7c7faacf8bfe,Speech Pathologist
466,Ronald,Reid,rreidcx@ycombinator.com,296e584f-7b93-4485-9247-4221beb258c7,Editor
467,David,Robinson,drobinsoncy@sciencedaily.com,11c0f7f8-7d96-4061-b7d4-af02da88f73f,Account Coordinator
468,Jimmy,Evans,jevanscz@cafepress.com,6fd05afb-11e9-4b36-9a28-786bc72b146d,Senior Editor
469,Kenneth,Andrews,kandrewsd0@cnbc.com,5db85395-cf2e-4ab6-ba69-594c3dc2a01d,Teacher
470,Frances,Reyes,freyesd1@sciencedirect.com,e1e50444-d976-490d-bc34-969559938390,Help Desk Technician
471,Cheryl,Harris,charrisd2@google.co.uk,8f326f1e-f2a7-4b7a-a7bf-31ce1db409ef,Engineer II
472,Clarence,Knight,cknightd3@gmpg.org,543ec73b-4d0b-468a-b6ac-4bf0d3695a85,General Manager
473,Randy,Dunn,rdunnd4@vkontakte.ru,56b06b96-81d2-4bbf-b967-fc5de3c10472,Editor
474,Mildred,Nichols,mnicholsd5@google.pl,cae3c81b-3e5d-480d-adab-02012e16a125,Account Representative IV
475,Virginia,Edwards,vedwardsd6@ca.gov,ae29fbb2-b257-4c24-a356-d78c555d5584,Physical Therapy Assistant
476,Tina,Russell,trusselld7@comcast.net,0e1304a8-c60f-49bb-91dd-d9d43423ed05,Financial Analyst
477,Marilyn,Webb,mwebbd8@gnu.org,055d6f2a-c384-4a9f-9a5b-aece8df040cd,Librarian
478,Bruce,Little,blittled9@nhs.uk,e68c32c0-ec78-4948-8f47-f7e182dd7d96,Marketing Manager
479,Kathy,Reed,kreedda@youku.com,5fc055d8-1c79-432d-9768-7e6438e69936,Assistant Professor
480,Joyce,Day,jdaydb@comcast.net,3ece012f-c0e6-4749-8762-d76914a63294,Web Developer III
481,Patricia,Garcia,pgarciadc@google.cn,8896fdf2-3e9b-4c11-a538-fdfed5f0ee57,Web Designer III
482,Jane,Bryant,jbryantdd@meetup.com,e1f08b35-f487-4aad-bac4-487a1b0aeaa1,Budget/Accounting Analyst I
483,Lori,Baker,lbakerde@timesonline.co.uk,e1f49c8a-389c-419c-bbdc-89f600b9d31b,Speech Pathologist
484,Brenda,Gomez,bgomezdf@thetimes.co.uk,efa9d7b2-3a03-43b8-8804-eb35762ac618,Information Systems Manager
485,Stephen,Freeman,sfreemandg@go.com,dc463ebb-3661-4f3d-aa4d-06fe42279d33,Developer II
486,Andrea,Harper,aharperdh@nyu.edu,ce5f73b9-5b01-4660-9276-9798efcf17d3,Research Assistant II
487,Karen,Evans,kevansdi@biblegateway.com,5ba2766b-1bef-4d70-afe1-0fc95f0be942,Financial Analyst
488,Pamela,Dunn,pdunndj@histats.com,4aa48ed6-2e3e-47ca-ac14-11ec9521891c,Nurse Practicioner
489,Janet,Ross,jrossdk@wufoo.com,a98c9bd2-ad6b-4708-a254-a7bcba4f0eff,Compensation Analyst
490,Sarah,Bishop,sbishopdl@comsenz.com,ff1d3c9e-b42a-4142-bc3d-e86ffd6c0094,Registered Nurse
491,Douglas,Simpson,dsimpsondm@surveymonkey.com,0e41bb21-7ea6-4e5c-84c4-11c9caa251a8,Account Coordinator
492,Edward,Marshall,emarshalldn@toplist.cz,a4c7ca2a-e4c0-4c7b-9af6-165ed90ee58d,Software Test Engineer II
493,Timothy,Romero,tromerodo@spotify.com,e691cbd1-aa6f-44a1-bda2-b2eaa30c90c1,Recruiting Manager
494,Theresa,Owens,towensdp@google.cn,d412ff1f-1565-4f2d-8971-41b6c9114fa1,Programmer I
495,Alan,Patterson,apattersondq@sourceforge.net,cffe0de9-8456-4687-bbf6-ff056c286e68,Pharmacist
496,Melissa,Nelson,mnelsondr@time.com,6fce3749-92fe-4558-b4d6-506e814f3e2c,Environmental Tech
497,Philip,Ruiz,pruizds@seattletimes.com,9fdcab88-6c75-49c0-9659-7561e0de373d,Research Assistant I
498,Norma,Ford,nforddt@dmoz.org,c51d917a-55e0-40c3-ac15-12b201ba70de,Research Nurse
499,Amy,George,ageorgedu@wix.com,da3c6ffd-d34e-452b-b07d-2134e828edec,Recruiting Manager
500,Annie,Davis,adavisdv@eepurl.com,6383632e-5e4a-4f2e-b23f-6ee8bf148dfa,Analyst Programmer
501,Tammy,Vasquez,tvasquezdw@deviantart.com,f325177f-973f-4938-8fe4-2755cc7f82c5,Executive Secretary
502,Barbara,Henry,bhenrydx@etsy.com,f282fda9-cd3d-4456-ae48-8beb54e10ca0,Internal Auditor
503,Bruce,Morgan,bmorgandy@fastcompany.com,33678e24-e3d0-4ef1-89ba-9a34a9374250,Recruiter
504,Roy,Phillips,rphillipsdz@ycombinator.com,3b224ffa-a792-4cfe-acd4-df72c28a4fe9,Staff Scientist
505,Aaron,Ellis,aellise0@newyorker.com,638d7382-2b26-4e26-bffd-1bc66cdd45db,Software Test Engineer IV
506,Sarah,Cooper,scoopere1@google.es,53838d31-6aa0-4b18-93e9-2ea9d95a621e,Marketing Assistant
507,Mary,Larson,mlarsone2@theatlantic.com,f9f2361b-958d-44ed-8669-50605c15ecc0,Senior Editor
508,Antonio,Willis,awillise3@independent.co.uk,d094e2a3-4180-4c74-849b-d30a5e625cb7,Operator
509,Helen,Chavez,hchaveze4@google.com,fd183973-703f-4600-841c-8f726b2ca43c,Actuary
510,Nicole,Romero,nromeroe5@npr.org,f000bdd3-da8f-434c-aeea-7378780cc29d,General Manager
511,David,King,dkinge6@wufoo.com,cada208e-b1ce-46ad-a2c7-2fa03b2f437b,Structural Engineer
512,Clarence,Ward,cwarde7@google.fr,5000995a-b53f-4f29-9be7-c816df714c20,Clinical Specialist
513,Melissa,Montgomery,mmontgomerye8@over-blog.com,407c0645-c3cd-4602-8925-5f2fb1bdef26,Design Engineer
514,Anthony,Young,ayounge9@ucoz.com,4af5cab1-8cd7-45dc-a01a-61ac7f132d9a,Human Resources Assistant III
515,Mary,Hughes,mhughesea@parallels.com,0cd4f230-a4eb-4f25-a867-802300c65981,Senior Financial Analyst
516,Christina,Austin,caustineb@fotki.com,3d89a2c7-52bc-4f01-9e93-5986ffcb6671,Analyst Programmer
517,Ronald,Kelley,rkelleyec@utexas.edu,c39ce6a9-fe6f-4fff-9871-6e71cf923f17,Help Desk Technician
518,Kelly,Kelley,kkelleyed@accuweather.com,76f4eb39-32c6-4fae-a722-46fcfa8cbb84,Product Engineer
519,Thomas,Cunningham,tcunninghamee@boston.com,a940a201-92d0-4f2a-b2bb-d35492773275,Programmer Analyst III
520,Jimmy,Dunn,jdunnef@google.fr,6b841fa7-1f64-4f4e-bf70-99c002bacfa3,Systems Administrator III
521,Kelly,West,kwesteg@patch.com,e6dc85f9-cdb0-4304-88fe-16248d6943df,Account Coordinator
522,Lori,Gordon,lgordoneh@hhs.gov,cfbcc973-e56c-4ccc-8370-6d5961ac10cd,Director of Sales
523,Karen,Montgomery,kmontgomeryei@netscape.com,15e05632-397e-4243-8165-4d0ef0a0e0ca,Marketing Manager
524,Billy,Graham,bgrahamej@census.gov,36e433d1-1fe7-4a3b-a6d8-01ece8b26a35,Staff Accountant IV
525,Angela,Ford,afordek@stumbleupon.com,fab48ac0-0b48-4158-8e28-8e5fd2c3edb5,VP Product Management
526,Larry,Henderson,lhendersonel@fc2.com,c8918e01-5db1-47fa-93f9-143320d9dbda,Business Systems Development Analyst
527,Jeffrey,Jones,jjonesem@zimbio.com,20082ee0-1afc-471e-969e-f8ee555a2198,Chief Design Engineer
528,Russell,Stanley,rstanleyen@ebay.com,eb45703d-7ef9-4470-bf92-17750635047a,Staff Accountant II
529,Wanda,Castillo,wcastilloeo@cloudflare.com,d7035ccb-0cfb-44b1-a91b-c5aab4d06c08,Associate Professor
530,Jonathan,Holmes,jholmesep@diigo.com,5a84b37a-f2a6-4d83-a055-fe899b8bb640,Environmental Specialist
531,Kenneth,Gordon,kgordoneq@squarespace.com,cd82d8c2-44cf-4acf-a236-fefc24283615,Computer Systems Analyst I
532,Nancy,Vasquez,nvasquezer@cyberchimps.com,56573ce3-aa6f-45da-9724-4cb36ad79404,Automation Specialist I
533,Maria,Warren,mwarrenes@over-blog.com,304772be-cd90-4a08-817e-64f35a80ae79,Research Nurse
534,Eric,Sanchez,esanchezet@redcross.org,c58fc8e2-2c40-47a8-83b2-5dd525b7e863,Legal Assistant
535,Joe,Spencer,jspencereu@guardian.co.uk,5e7a6ba2-a9fc-4ef8-bc6d-2280cc949c5b,Senior Financial Analyst
536,Joseph,Sanders,jsandersev@cnn.com,2520a9c7-a342-487a-91a1-1acd8b748a14,VP Accounting
537,Jacqueline,Stone,jstoneew@sourceforge.net,8811e9e8-6d12-484d-b38f-eb5814091743,Information Systems Manager
538,Gregory,Harvey,gharveyex@oracle.com,432edc27-6899-4ef8-a7da-5910596ce23f,Engineer II
539,Philip,Freeman,pfreemaney@ask.com,974dcb3c-6fc1-49ac-a546-0a8783a81372,Executive Secretary
540,Timothy,Garza,tgarzaez@vimeo.com,535ba8dd-4490-4946-8caf-30b66eb13f2a,Editor
541,Melissa,Pierce,mpiercef0@sohu.com,adab1898-c965-46f1-8e05-40dfe1d20326,Civil Engineer
542,Ashley,Myers,amyersf1@odnoklassniki.ru,6ec5f9d2-e319-49ce-895d-a9de82bfb1a6,Nurse Practicioner
543,Nicole,Frazier,nfrazierf2@skype.com,7ec51691-2b02-4952-94ff-eded4cb20b81,Geological Engineer
544,Jonathan,Lane,jlanef3@altervista.org,20f4f812-f561-486d-840e-73fbc715d712,Help Desk Operator
545,Wanda,Alexander,walexanderf4@pinterest.com,01d1da75-20d8-4216-863d-a1443a0b1fec,Chief Design Engineer
546,Alan,Lopez,alopezf5@nih.gov,448d298a-ed75-4573-8378-36d6c03d8ff3,Health Coach II
547,Lori,Richards,lrichardsf6@jugem.jp,9c1dabe6-cc27-4fca-a829-24836bc2845c,Help Desk Operator
548,Bobby,Taylor,btaylorf7@rambler.ru,1a02e534-7911-45e1-8ee5-f51a75f61d5f,Developer III
549,Maria,Williamson,mwilliamsonf8@sun.com,0d8d3091-d88c-4ea5-a8bf-09fa51977a24,Product Engineer
550,Jane,Oliver,joliverf9@mac.com,8b76234d-26fd-4da5-95da-9a26a4c669fa,Compensation Analyst
551,Ronald,Frazier,rfrazierfa@cmu.edu,577c8902-6ef5-4f37-9c35-59b66af2dcb6,Automation Specialist I
552,Angela,Elliott,aelliottfb@apache.org,3142e55e-d714-4441-88a7-6cf58ae2f246,Office Assistant IV
553,Lois,Gray,lgrayfc@unc.edu,b760951d-4ab1-483c-a26d-306bd3982f12,General Manager
554,Jesse,Howard,jhowardfd@youtube.com,28f6aa12-b7c4-419f-b721-8de1feebfa94,Cost Accountant
555,Henry,James,hjamesfe@sphinn.com,b28593fb-c0cd-4ae0-9f63-be6024cd0b9f,VP Sales
556,Charles,Brown,cbrownff@posterous.com,9cddcd22-305d-4aa1-b2ca-852d423e5f62,Marketing Assistant
557,Cheryl,Hughes,chughesfg@ucla.edu,fb90fc5f-a4aa-499a-82ce-7e134581847c,Information Systems Manager
558,Wanda,Gardner,wgardnerfh@qq.com,71699419-b934-4f44-afe7-01017fa4f532,Nuclear Power Engineer
559,Melissa,Hawkins,mhawkinsfi@sciencedirect.com,5afafdba-29b4-410c-b8fe-c2a82588040c,Structural Engineer
560,Albert,Payne,apaynefj@forbes.com,9a72e845-4114-48d2-9aaa-7c36e13523c3,Software Test Engineer II
561,Roy,Fowler,rfowlerfk@marketwatch.com,be151018-a9c6-4e2b-bf4f-98f170773ef3,Engineer II
562,Phyllis,Grant,pgrantfl@independent.co.uk,560dcfc6-6edf-4ed7-9800-c80eb2d7fd96,Data Coordiator
563,Laura,Kennedy,lkennedyfm@google.com,6c28d7a2-073f-4ad2-ba5f-a5bf2d385ad7,Associate Professor
564,Eugene,Lane,elanefn@irs.gov,5d21fcd7-c5cc-4d59-8bc4-cb0ec872ed2c,Statistician IV
565,Shawn,Garrett,sgarrettfo@sina.com.cn,928d3c38-791a-4adb-8b6a-32ffb1349880,Senior Financial Analyst
566,Ashley,Clark,aclarkfp@ebay.com,00e0aa94-466a-44f2-bda4-e44a6f6b276a,Geologist IV
567,Irene,Stevens,istevensfq@deviantart.com,ade1e886-6dff-4220-80c8-f40b8e859db3,Environmental Tech
568,Nicole,Stanley,nstanleyfr@dailymotion.com,8b46baa5-5fbe-4dc3-9a89-12cc4b962a08,Physical Therapy Assistant
569,Earl,Rose,erosefs@usgs.gov,331a2a52-1686-4231-8a18-e57effba5b35,Payment Adjustment Coordinator
570,Elizabeth,Oliver,eoliverft@vimeo.com,a2d18214-b367-419a-ba04-b3255803ef72,Human Resources Manager
571,Samuel,Gonzalez,sgonzalezfu@scribd.com,25716072-6ee8-4cef-8c53-71ce063c6a66,Environmental Specialist
572,Rachel,Phillips,rphillipsfv@soundcloud.com,1f0d6f33-b88f-415c-98f2-18ac9e0298e8,Engineer IV
573,Todd,Gonzales,tgonzalesfw@google.com.au,e3590676-05e1-4025-8207-4724a18b40a4,Help Desk Technician
574,Ralph,Brooks,rbrooksfx@friendfeed.com,10eb0d84-15a5-4d61-a519-d063ce81ca7b,Nurse
575,Maria,Johnston,mjohnstonfy@nydailynews.com,6ab5f75c-1893-419e-a76a-5c142f821a5c,GIS Technical Architect
576,Anthony,Patterson,apattersonfz@sun.com,86f84f87-c68f-46d2-b975-ba8970d00bfd,Financial Advisor
577,Sharon,Murray,smurrayg0@youku.com,05c025a8-074c-4cd6-972b-ad257a1e24e6,Environmental Specialist
578,Lawrence,Cole,lcoleg1@economist.com,2b041d31-5c12-402a-84f2-3685c325aa03,Sales Associate
579,Margaret,Collins,mcollinsg2@ask.com,ee3d13d5-25f0-4580-97a5-7ee45935b9eb,Help Desk Technician
580,Edward,Moreno,emorenog3@t-online.de,b99073c6-34ab-429d-80f1-8ca68124ddf7,Marketing Assistant
581,Benjamin,Hughes,bhughesg4@zimbio.com,1d9ae294-039c-47c8-a9c7-5fae08c5a7e3,Software Test Engineer II
582,Laura,Bailey,lbaileyg5@deliciousdays.com,2aabcc82-3609-4603-bd3c-4e75ff30be57,VP Sales
583,James,Payne,jpayneg6@marketwatch.com,90ca3c3d-5936-4144-b057-803dcf2028b0,Staff Scientist
584,David,Snyder,dsnyderg7@ustream.tv,28e8933b-bee0-4cb1-9711-502223331be2,Food Chemist
585,Brian,Webb,bwebbg8@prlog.org,16cb48c2-e281-45ed-a9a2-fa9379663e94,Structural Engineer
586,Raymond,Hall,rhallg9@shutterfly.com,2d4dac9f-0c75-4046-9819-7c9f8b7bd2bb,Health Coach IV
587,John,Chapman,jchapmanga@google.ca,0f7ec5a4-f4c9-43ac-8717-5e4031369080,Sales Associate
588,Martin,Willis,mwillisgb@ezinearticles.com,f19d94f8-07f3-4572-851d-b32f3a2a6985,Biostatistician IV
589,Carolyn,Simpson,csimpsongc@ocn.ne.jp,5cdccda6-27aa-4530-ad06-7d9e04ae44b5,Assistant Manager
590,Paula,Kelley,pkelleygd@weather.com,471006f6-5e77-4947-9f4d-4df9425d133b,Registered Nurse
591,Scott,Ramos,sramosge@theglobeandmail.com,6fc88144-066b-4f36-b095-3ce44ec09e96,Software Engineer IV
592,Andrew,Little,alittlegf@fema.gov,b80e867d-5026-447d-b416-17fa53a31179,Business Systems Development Analyst
593,Tammy,Little,tlittlegg@cdbaby.com,51e83b4d-7c50-489b-b945-4f5fde60924e,Civil Engineer
594,Martha,Pierce,mpiercegh@ezinearticles.com,269b5c07-e870-4fbf-9c07-5f9a8a077073,Quality Control Specialist
595,Kathy,Perry,kperrygi@paginegialle.it,5268651f-0738-453a-b2aa-3834fae0ab59,Accounting Assistant IV
596,Denise,Knight,dknightgj@cnet.com,4121ac35-9e5e-4bc7-9fe1-d0d8e2f0355b,Administrative Officer
597,Gerald,Mitchell,gmitchellgk@google.com.br,d6c87734-433f-456f-a98a-9e862bf31c38,VP Quality Control
598,Janice,Gordon,jgordongl@wikia.com,81cd09c0-f5d5-4c7a-b64b-07838340e50d,Systems Administrator II
599,Margaret,Miller,mmillergm@ustream.tv,9e99271f-3145-40f0-b74a-3713f68ef02f,Accountant II
600,Tina,Hansen,thansengn@mac.com,a930155c-aa65-4eb2-88fb-0061f9855c36,Programmer Analyst II
601,Elizabeth,Hunter,ehuntergo@nydailynews.com,a28d83d9-ba4a-4f57-bee5-e42647ca64c1,Help Desk Technician
602,Marilyn,Gutierrez,mgutierrezgp@archive.org,6c9715f9-76a3-4bb6-977f-58c654bb3cdf,Information Systems Manager
603,Cheryl,Crawford,ccrawfordgq@bandcamp.com,03369f48-d5b8-4159-a864-036d49b4b0fb,Geologist II
604,Harry,Hawkins,hhawkinsgr@friendfeed.com,dee8079b-1fe9-45aa-84ec-5905c1b37be6,Human Resources Manager
605,Patrick,Flores,pfloresgs@vimeo.com,f3d33f6f-a3f8-4eb2-a176-d161fbc44ca4,Office Assistant I
606,Linda,Rogers,lrogersgt@php.net,c8537236-b7b4-4634-9a8a-3fe8743f3766,Environmental Tech
607,Gary,Rose,grosegu@wordpress.com,4ea9a1e4-626e-4def-97d1-89b1bfd5bcb3,Programmer IV
608,Carolyn,Carroll,ccarrollgv@wikimedia.org,6df38b92-6bb3-4ba1-900e-241020b1304f,Dental Hygienist
609,Jason,Russell,jrussellgw@independent.co.uk,1d944578-8366-46ad-a4fb-bca7491b218c,Programmer II
610,Phillip,George,pgeorgegx@digg.com,d55ba608-bbf9-4752-88ab-fd2376c041d2,Safety Technician II
611,Diana,Meyer,dmeyergy@chronoengine.com,dbbdecf1-437a-48e4-aa49-a04ff685aa55,Design Engineer
612,Bruce,Cole,bcolegz@naver.com,a88f66ef-4fb6-43c2-8f67-56dc0aeac18b,Senior Quality Engineer
613,Carol,Wallace,cwallaceh0@google.es,33c290b5-5dd7-497e-838a-bed2bbbf8a61,Project Manager
614,Katherine,Thompson,kthompsonh1@craigslist.org,a8bf4ba1-a741-477d-8b1e-4a3aead5c258,Junior Executive
615,Jack,Frazier,jfrazierh2@storify.com,2c0b6c71-3950-45e8-a3c3-0240e45c02ac,Director of Sales
616,Russell,Adams,radamsh3@i2i.jp,d0104c6d-88e7-4a96-bcb7-6302ec7e386d,Nurse Practicioner
617,Pamela,Banks,pbanksh4@hao123.com,cd9056be-f20f-4cb1-b72b-172ebdc3a9b2,Analog Circuit Design manager
618,Rebecca,Chavez,rchavezh5@house.gov,87c0e213-31b5-4aea-81c1-afa7950f6201,Chief Design Engineer
619,Willie,Peters,wpetersh6@opensource.org,8c201a8a-204b-48aa-b456-8df9b544bcfe,Design Engineer
620,Robin,Cruz,rcruzh7@ning.com,f6773198-a9b6-4718-9942-8d53a08f981f,Occupational Therapist
621,Andrea,Bailey,abaileyh8@yolasite.com,ca1b27aa-cfd6-4f80-8123-890e66204f43,Database Administrator IV
622,Larry,Romero,lromeroh9@1688.com,5154c223-f936-482b-85bd-6f7ef3254f15,Web Developer III
623,Scott,Bennett,sbennettha@tumblr.com,a3cd093d-636e-421b-a05d-46a9409b8409,Cost Accountant
624,Philip,Hicks,phickshb@psu.edu,8b578495-8b66-46bf-b165-667b5f574c8f,VP Quality Control
625,Keith,Franklin,kfranklinhc@bloglines.com,9d612816-ffe4-47f3-811a-8dd97b49164f,Associate Professor
626,Stephen,Sanchez,ssanchezhd@walmart.com,fcccf790-4cd8-4c3f-9e67-7d8d70820327,Data Coordiator
627,Beverly,Young,byounghe@163.com,121265bd-2174-42e4-88e3-4f3cd9e4ac86,Actuary
628,Douglas,Berry,dberryhf@bbc.co.uk,7440078d-9aef-47b0-83ae-db74fcc5458f,Research Nurse
629,Doris,Reid,dreidhg@cdc.gov,8f6a7415-466a-4f2c-b322-2590093b5dda,Recruiter
630,James,Barnes,jbarneshh@miibeian.gov.cn,d1fe9bd5-77b3-4dfd-9792-9d6ddf1ad099,Civil Engineer
631,Samuel,Olson,solsonhi@hc360.com,84183883-f842-49c6-9208-f40c9609a6d8,Office Assistant II
632,Carl,Schmidt,cschmidthj@weebly.com,a65ef770-d4e8-43b9-b5bb-b213118a18f8,Database Administrator II
633,Patrick,Johnston,pjohnstonhk@wordpress.com,75392a99-e676-45f8-91f9-40ba1582975f,Structural Engineer
634,Betty,Porter,bporterhl@who.int,7512a1f1-2758-4e2e-a0fb-285e7d06ae22,Teacher
635,Tina,Arnold,tarnoldhm@about.me,b8a6a57f-27ab-4d21-bf1d-b948f096075a,Senior Cost Accountant
636,Roger,Owens,rowenshn@devhub.com,25b790a1-4ba1-428b-9a38-c6a3e15955ef,Information Systems Manager
637,Betty,Reed,breedho@nsw.gov.au,a45ed233-ec57-4ee6-9a85-1b36477dd95c,Design Engineer
638,Phyllis,Walker,pwalkerhp@hc360.com,bd71a61a-9608-4a9d-9fc1-c5ea8ba3161b,VP Quality Control
639,Todd,James,tjameshq@arstechnica.com,275619ae-9448-4763-ac70-16fcec5c6de0,Accountant III
640,Jessica,Olson,jolsonhr@ocn.ne.jp,699c5416-b01c-4c8d-ad9f-29e047a32df3,Associate Professor
641,Benjamin,Baker,bbakerhs@ifeng.com,8d769413-4778-4f8d-9e5f-b5c530f48d68,Accountant II
642,Joe,Dean,jdeanht@1und1.de,4450b9c1-7db0-423a-81c6-302f10d1953d,Administrative Assistant II
643,Joe,Long,jlonghu@gnu.org,7a49bf9f-b00d-4ad2-90d7-c6c8fcf5f9b9,Legal Assistant
644,Matthew,Warren,mwarrenhv@pagesperso-orange.fr,f52c6a54-c2fe-4b8e-acf4-711d6947030e,Structural Engineer
645,Margaret,Burton,mburtonhw@cafepress.com,f8e0470a-9376-431b-a27d-f5785e866dd9,Research Nurse
646,Norma,Sanders,nsandershx@dedecms.com,2e6572fa-f697-430a-aa8f-da7203c7ab50,Cost Accountant
647,Heather,Cooper,hcooperhy@google.cn,c2928557-f2df-4d06-a793-8b702266819e,Pharmacist
648,Steven,Burke,sburkehz@twitter.com,5c40c37f-6905-42f8-b794-1f9bc4b2e1c1,Geological Engineer
649,Peter,Gilbert,pgilberti0@ovh.net,d47ccc04-a167-42cf-9b18-aba1fce35499,Librarian
650,Phillip,Mcdonald,pmcdonaldi1@imdb.com,01e3de6e-1f97-4ce7-9cfb-0b6e80831c82,Environmental Specialist
651,Wanda,Kelly,wkellyi2@linkedin.com,a8559cdc-8e9b-4b62-8ce1-685310fd404d,Compensation Analyst
652,Walter,Thomas,wthomasi3@merriam-webster.com,591b1c40-977a-4a90-87fa-a818ea9b9e5a,Help Desk Technician
653,Mildred,Flores,mfloresi4@sourceforge.net,bf6ed2c2-88eb-41c7-b95d-fc1b96291cc9,Editor
654,Eugene,Burton,eburtoni5@arizona.edu,62e58b54-49bd-4a3f-9ab5-2a39dcf6856d,Product Engineer
655,Wanda,Thompson,wthompsoni6@jalbum.net,f1ccb21d-ab42-4ab3-b9c8-fee45de685fc,Human Resources Manager
656,Theresa,Black,tblacki7@pagesperso-orange.fr,5a5efb1c-3fc6-47ac-a739-d8a0d030697a,Project Manager
657,Wayne,Russell,wrusselli8@sciencedirect.com,4f22ac0e-3f38-4b6e-855a-26605e345a4a,Financial Analyst
658,Jean,Dunn,jdunni9@si.edu,eb3538ba-fa09-4897-9c4d-c2ed15973b1c,Senior Sales Associate
659,Bonnie,Powell,bpowellia@163.com,fc901ddf-d10c-47e8-98d9-2d72f02a4f15,Mechanical Systems Engineer
660,Sara,Perry,sperryib@accuweather.com,26a9599d-3168-48a9-b994-901764830476,Nurse Practicioner
661,Victor,Chavez,vchavezic@time.com,40768684-3d36-4ace-95ba-980a7f922e40,Speech Pathologist
662,Scott,Watkins,swatkinsid@techcrunch.com,3a64b26d-981a-48cd-bbf3-3529573f63f0,Senior Developer
663,Sara,Wells,swellsie@illinois.edu,70f9679b-695b-4699-bdfd-42179d3e451f,Financial Advisor
664,Wayne,Nelson,wnelsonif@php.net,7f968dda-f945-4b50-aa6a-d05e1c354586,Product Engineer
665,Johnny,Lawson,jlawsonig@guardian.co.uk,e263bb08-5e75-454c-96b7-5965f131028e,Actuary
666,Michael,Morrison,mmorrisonih@si.edu,f3e042e6-cf56-46e9-b934-1b8d50488528,Biostatistician IV
667,Ryan,Welch,rwelchii@tumblr.com,c11804fd-c8b5-47e8-8b4e-0fb9f06bcbeb,Biostatistician IV
668,Sharon,Fowler,sfowlerij@csmonitor.com,fce16049-5a59-45d5-bb4c-7e43eb9ed6b3,Project Manager
669,Louis,Lawson,llawsonik@blogger.com,f06cb46e-de25-4661-89ee-48d3c5a9896f,Account Coordinator
670,Barbara,Pierce,bpierceil@sourceforge.net,d0f5659c-595e-4cad-b202-4c46f4145009,Analog Circuit Design manager
671,Maria,Romero,mromeroim@hao123.com,543decf0-b068-42ae-8e49-66837dfc7c6d,Help Desk Technician
672,Deborah,West,dwestin@geocities.com,3aa98a01-a6d3-4500-931a-b4f4487dd634,Recruiter
673,Nancy,Chapman,nchapmanio@godaddy.com,081abb72-2794-4cb7-a886-081ceb453512,Analog Circuit Design manager
674,Betty,Mccoy,bmccoyip@paginegialle.it,640b51d1-245d-42f1-98ea-72410e884293,Clinical Specialist
675,Cynthia,Wright,cwrightiq@webs.com,0a249c81-0862-4eb3-abf6-0ed0427a6cc2,Human Resources Manager
676,Gary,Richards,grichardsir@goo.gl,f3d3efca-c11a-43af-ae83-02e7992c86c2,Director of Sales
677,Kimberly,Arnold,karnoldis@narod.ru,3c24ceb9-f2f4-48c5-a291-951921b3226f,Software Consultant
678,Amanda,Matthews,amatthewsit@shinystat.com,4cd41d4d-677a-48a4-9285-24f174621570,Biostatistician I
679,Donald,Brooks,dbrooksiu@ifeng.com,0d8dab0b-a5b6-449a-ba0c-ac35dc79c056,Speech Pathologist
680,Keith,Frazier,kfrazieriv@mtv.com,c87b7933-7b48-4410-9363-77e98cdc6e71,Software Test Engineer IV
681,Fred,Arnold,farnoldiw@blogtalkradio.com,ccd3e0be-50fd-4c7a-86ad-bcb77cbec138,Senior Financial Analyst
682,Emily,Torres,etorresix@disqus.com,5ad292cf-f917-447d-b830-496b5b63d8c6,VP Sales
683,Robin,Marshall,rmarshalliy@webs.com,ea838d58-2be1-407d-9271-6e7e78266b72,Cost Accountant
684,Matthew,Green,mgreeniz@harvard.edu,2eae81bc-2757-4d9a-84c9-d5fbaae91e03,Engineer I
685,Cynthia,Garcia,cgarciaj0@google.es,b1bc11b6-4be7-42ed-9dae-955edac2d485,Dental Hygienist
686,Jack,Bryant,jbryantj1@phpbb.com,9c7dde81-2167-4fe7-a690-9ee60736b4bc,General Manager
687,Angela,Garcia,agarciaj2@angelfire.com,eb69204f-1ae5-4337-a132-669100319e39,Pharmacist
688,Angela,Ferguson,afergusonj3@webnode.com,f3094a54-72d7-4222-b44f-daf3ca246d0c,Environmental Tech
689,Brandon,Webb,bwebbj4@fema.gov,cc812f96-2db6-48b0-8967-f6f75d0f9389,VP Marketing
690,Terry,Gilbert,tgilbertj5@earthlink.net,ace37faf-8295-4c63-a537-0204634c984b,Account Representative III
691,Margaret,Simmons,msimmonsj6@symantec.com,40fe5212-29fb-45d0-90e9-c7b6ee3aaca2,Software Test Engineer III
692,Lois,Butler,lbutlerj7@smh.com.au,fda57935-2e64-473c-b047-2c75f4a9a1a6,Staff Accountant II
693,Doris,Chapman,dchapmanj8@google.com,ed4d7086-da35-4703-b008-5995bcbfe58c,Account Representative I
694,Patricia,Fuller,pfullerj9@biblegateway.com,44f50dfa-acd8-43e4-9123-8ab048e71e1b,Database Administrator III
695,Phillip,Martin,pmartinja@purevolume.com,d680f320-c922-41eb-88f1-2a26a030957b,Associate Professor
696,Gloria,Fields,gfieldsjb@amazon.co.jp,ee15e112-81eb-455f-8df6-5ce9739079da,Accountant I
697,Diane,Ortiz,dortizjc@exblog.jp,38a1d4be-9901-4894-b1d8-bd1c94904ed6,Mechanical Systems Engineer
698,Frances,Lopez,flopezjd@miitbeian.gov.cn,84bb185e-625b-48fc-9d0b-daa3d11e5543,Clinical Specialist
699,Lois,Garza,lgarzaje@nsw.gov.au,2227e557-a4bf-46fc-95a9-94ef7c612454,Senior Developer
700,Susan,Pierce,spiercejf@mediafire.com,4259c5bb-1bcc-4c66-921b-f2cdaefd6186,Professor
701,Ernest,Porter,eporterjg@google.ca,f12194c1-cdb2-4446-85a0-d2daa9c08666,Speech Pathologist
702,Pamela,Spencer,pspencerjh@liveinternet.ru,8ba80cfc-f86f-4c1a-add9-66ee77fb3238,Graphic Designer
703,Heather,Fisher,hfisherji@cloudflare.com,004a915d-4fad-4f37-9042-befac8dfd531,Accountant I
704,Andrea,Dixon,adixonjj@princeton.edu,c6eea9d4-2908-4fef-9a18-06ce74a7d20c,Dental Hygienist
705,Christine,Austin,caustinjk@arstechnica.com,715c737c-9037-4ce2-9bc6-82f6d8f25f75,Design Engineer
706,Peter,Spencer,pspencerjl@arizona.edu,4c878bcc-7b20-4913-9dbb-807de7c589fb,Software Test Engineer IV
707,James,Barnes,jbarnesjm@ucsd.edu,bf1f69d6-0b6c-4611-ba82-2a09fefeac02,Engineer I
708,Paul,Woods,pwoodsjn@fastcompany.com,f132a8fa-8e46-4a16-98ce-af2b4c21a632,Accountant III
709,Timothy,Meyer,tmeyerjo@drupal.org,5d77ea07-dfe8-40e6-be11-896f28a7bb7c,Chemical Engineer
710,Charles,Lopez,clopezjp@chronoengine.com,440961ab-d26a-4526-944c-a0b2f34c7c41,Community Outreach Specialist
711,Jonathan,Stanley,jstanleyjq@mapquest.com,72a9ffae-1988-4ba5-b403-9caee7195a95,Marketing Manager
712,Anthony,Flores,afloresjr@globo.com,19af9bc3-b74b-4357-8c14-ce1dcf6d97f6,Programmer IV
713,Gary,Richards,grichardsjs@lulu.com,220b60da-0477-41ed-a843-727cf1ec79a6,Office Assistant IV
714,Mark,Austin,maustinjt@google.ca,54c51d3f-c937-416a-8d86-7be2527049c4,Media Manager II
715,Benjamin,Rogers,brogersju@bloglines.com,6a94cb47-144f-4c4a-90f1-c6efb31a0249,Professor
716,Randy,Bradley,rbradleyjv@live.com,8485b884-3c86-4937-a9e0-7a61fd5e0450,Budget/Accounting Analyst III
717,Andrea,Richardson,arichardsonjw@ustream.tv,62785464-0035-45fe-a2cd-668459fd9abc,Teacher
718,Christopher,Parker,cparkerjx@vk.com,5dc67a75-d25c-48cc-a160-64ab7992ce7f,Biostatistician III
719,Antonio,Kim,akimjy@paginegialle.it,8816ec4a-3f13-4cd8-94ea-5f1884010ffd,Associate Professor
720,Kelly,Lopez,klopezjz@nhs.uk,6b7a0cdc-9a1e-4896-ab68-d304f1339510,VP Product Management
721,Elizabeth,Kennedy,ekennedyk0@google.pl,3c0b5454-3931-4d59-b568-e9dac38201a5,Senior Editor
722,Marilyn,Taylor,mtaylork1@ning.com,109f79b1-5738-4b77-be8c-8e49977497bd,Graphic Designer
723,Rose,Gonzalez,rgonzalezk2@creativecommons.org,ae309aa9-49aa-4994-9d92-4787a551ac9f,Payment Adjustment Coordinator
724,Maria,Marshall,mmarshallk3@lycos.com,25a10392-6551-4998-a5f9-7e8c618e4e5d,Software Test Engineer IV
725,Theresa,Evans,tevansk4@csmonitor.com,a14acc20-56eb-4a42-980b-1b3e4e9568a8,Engineer III
726,Amy,Greene,agreenek5@noaa.gov,18b57487-c414-4147-8aa2-cf8503bb9032,Sales Representative
727,Arthur,Warren,awarrenk6@nih.gov,86abb4b0-d417-4c04-925d-da63fbc1feb9,Geologist IV
728,Gerald,Olson,golsonk7@amazon.de,f2438df5-de54-4c35-bfcf-8ff4ed8b6531,Electrical Engineer
729,Ann,Watson,awatsonk8@skype.com,20fd66d4-6ff2-4bc6-bebd-c25200d4b540,Media Manager II
730,Louis,Flores,lfloresk9@wix.com,9615d25e-1d17-4c30-a1bb-5bf6b28f286a,Marketing Manager
731,Aaron,Fuller,afullerka@utexas.edu,7131dd3b-467f-4d4c-a112-9e135168f76f,Accounting Assistant I
732,Ralph,Stone,rstonekb@dion.ne.jp,2a3005c2-13f2-4876-b6d3-118368602dca,Senior Financial Analyst
733,Ruby,Cruz,rcruzkc@oakley.com,ff1677e7-ae46-40cc-a048-a4a4140c7378,VP Quality Control
734,Jeremy,West,jwestkd@wikispaces.com,e4af11b6-93fb-4786-aad1-96083109b955,Recruiter
735,Johnny,Long,jlongke@ihg.com,dcc309c9-af2a-4ad6-b98e-d5d450729071,Accountant IV
736,Phillip,Garcia,pgarciakf@sfgate.com,51af84d3-83cd-45f6-ac4b-f8099f2a52a2,Geologist I
737,Patrick,Bailey,pbaileykg@wordpress.com,9836e4d5-824e-4f5d-a9e4-268c41006c32,Engineer III
738,Thomas,Frazier,tfrazierkh@princeton.edu,23f6d980-ba9c-4ca3-9417-2bd3e2b02aec,Professor
739,Benjamin,Ramos,bramoski@spotify.com,4a97809c-685e-4d86-bc84-3ddf380daf62,Research Nurse
740,Mildred,Brown,mbrownkj@xinhuanet.com,838f8168-64c6-4645-83da-831be20c0596,Structural Engineer
741,Angela,Riley,arileykk@lycos.com,0dc9f421-4b24-435e-a0b1-b4f41399d7a6,Senior Cost Accountant
742,Frances,Chavez,fchavezkl@hibu.com,7b1a1099-f655-4b4c-92d9-7365e0d68da0,Software Engineer III
743,Donald,Spencer,dspencerkm@independent.co.uk,c2799755-449b-4600-b003-5c9e4695bc1d,Associate Professor
744,Craig,Franklin,cfranklinkn@youtube.com,b503046b-79d2-4800-b042-69169e2a85af,Tax Accountant
745,Mildred,Holmes,mholmesko@zimbio.com,b0fe7904-6836-4162-ba27-4e28a13ba7a3,Tax Accountant
746,Norma,Nguyen,nnguyenkp@adobe.com,5271bb56-9e86-4d39-8149-6994e0307790,Actuary
747,Albert,Ramirez,aramirezkq@webs.com,fb84ac2b-2583-427e-8ee0-966ede791978,Accountant IV
748,Rebecca,Dunn,rdunnkr@fotki.com,06f0fc7a-5ec2-49b5-8a58-8d396a8fa254,Budget/Accounting Analyst I
749,Anthony,Alvarez,aalvarezks@elegantthemes.com,01936772-acfe-42af-8a2b-21223a5ff240,Recruiter
750,Kenneth,Gonzalez,kgonzalezkt@psu.edu,860aa359-ef04-4282-89de-b4b0e28b2382,Staff Scientist
751,Jane,George,jgeorgeku@intel.com,c9f3f957-5667-4deb-8a4a-3a3e0a3d3192,GIS Technical Architect
752,Roger,Gray,rgraykv@twitpic.com,166d9522-61d3-4b3b-81fc-6700e41b414c,Senior Editor
753,Brenda,Collins,bcollinskw@sakura.ne.jp,351340a8-f938-4136-91b8-0839e90d3f7a,VP Product Management
754,Howard,Elliott,helliottkx@mtv.com,ddd6c3d0-3fe6-47df-95a4-cea1103c2e65,Web Developer III
755,Arthur,Carter,acarterky@dailymail.co.uk,62ef1c7c-2075-4aa4-ab0c-5d75081f25cb,Nurse Practicioner
756,Bruce,Torres,btorreskz@ning.com,c6d0befa-22f8-4644-8a54-9a7afedf1352,Analog Circuit Design manager
757,Jeremy,Day,jdayl0@eepurl.com,378f9d82-e3ac-492f-89b2-f63e8c3fb6d5,VP Marketing
758,Gary,Weaver,gweaverl1@oakley.com,e63be6f1-c19b-4448-9443-1558644aa078,Technical Writer
759,Earl,Reed,ereedl2@army.mil,2e162559-1cac-487a-83d2-c67edf6a4854,VP Marketing
760,Cynthia,Burke,cburkel3@a8.net,32f8bb42-5e10-4353-9d24-6e865a94b03e,Cost Accountant
761,Fred,James,fjamesl4@taobao.com,2d06e5c5-19e5-4943-a6cd-7ee45f818009,Pharmacist
762,Jose,Fernandez,jfernandezl5@cnet.com,723d814d-a5c7-45be-85ce-ec467a01b20c,Financial Analyst
763,Wanda,Ramirez,wramirezl6@washingtonpost.com,1b88b022-ef17-4d26-a14c-81adcade9243,Nurse
764,Teresa,Griffin,tgriffinl7@ox.ac.uk,59e80099-ca71-4a29-beaf-a402139fe696,Software Test Engineer IV
765,Walter,Reid,wreidl8@rambler.ru,de01891e-3f57-4184-b4c5-979e70c8ef09,Analyst Programmer
766,Raymond,Fisher,rfisherl9@umn.edu,58f6f7e2-6a19-4a70-a6a9-e07b958082cf,Automation Specialist I
767,Samuel,Hicks,shicksla@vk.com,2be3fe9d-1d3d-4270-9662-e20b10cb31b8,Recruiter
768,Ruth,Bowman,rbowmanlb@sogou.com,a4939666-3adc-444d-a218-74ea448c50f2,Software Engineer II
769,Lillian,Young,lyounglc@mayoclinic.com,0009bebb-3c37-4bd2-a164-8998449c6da8,Sales Representative
770,Juan,Grant,jgrantld@creativecommons.org,2cefdff5-49c7-47c9-9e73-cbbbb89ac11c,Computer Systems Analyst III
771,Heather,Harper,hharperle@phoca.cz,cddc9104-4354-41c8-88ae-0fb1781d18b0,Budget/Accounting Analyst I
772,Terry,Flores,tfloreslf@who.int,0407d983-1f33-4784-aa2d-f5c3218fc6ba,Director of Sales
773,Frances,Moreno,fmorenolg@theglobeandmail.com,c21de126-4072-4224-ba5c-bbe9126d9865,Junior Executive
774,Karen,Harvey,kharveylh@topsy.com,103ea061-ec96-4c99-813a-c7824a9976ab,Actuary
775,Lawrence,Vasquez,lvasquezli@newsvine.com,fb0c4343-b3dd-4136-b13d-72ea9cffe06f,Mechanical Systems Engineer
776,Christina,Reid,creidlj@xrea.com,86097cf9-edef-4638-ab1c-d5b0edc0d294,Account Executive
777,Sandra,Vasquez,svasquezlk@networksolutions.com,faa7b691-437a-48f6-a182-3028cf5cceb2,Director of Sales
778,Angela,Mendoza,amendozall@aol.com,635a441f-fb8a-4486-b175-5a066135ca20,Nurse
779,Sean,Oliver,soliverlm@over-blog.com,ea298aa5-f8cd-45e0-849c-e14db8f02d01,Nuclear Power Engineer
780,Brenda,Shaw,bshawln@google.pl,3b6f0dc4-1246-4762-9689-40bbbd3eb4bc,Civil Engineer
781,Howard,Riley,hrileylo@hugedomains.com,e3cde2a6-b2dc-40be-8cf9-cd0558f926ee,Research Associate
782,Amy,Morris,amorrislp@seattletimes.com,70a3ea1f-4409-42a0-aa11-63e5812ba1af,Analog Circuit Design manager
783,Kathy,Payne,kpaynelq@xrea.com,44030c1b-29a1-4c20-b3ac-7f9b40f0854e,Assistant Professor
784,Keith,Patterson,kpattersonlr@merriam-webster.com,49b1a436-a70e-4b92-b58c-91b7f71bfd58,Occupational Therapist
785,Willie,Gardner,wgardnerls@mayoclinic.com,7d5bb5e2-2d8d-451d-a165-6359ff3b608a,Internal Auditor
786,Cynthia,Cox,ccoxlt@hc360.com,53bae210-8fb0-434b-b648-d5f388b5a541,General Manager
787,Sharon,Burton,sburtonlu@instagram.com,baab1c6b-f575-44e8-8045-703f09168273,Geologist II
788,Carlos,Romero,cromerolv@buzzfeed.com,4c366d1b-d139-4cdf-9428-c5ea4db0b235,Analyst Programmer
789,Janet,Marshall,jmarshalllw@icq.com,d7f454c3-e210-4e51-9705-b4b60fda25a6,VP Marketing
790,John,Hernandez,jhernandezlx@disqus.com,fcfad5ce-3803-483d-a212-60d10273b6f8,Web Designer II
791,Craig,Andrews,candrewsly@java.com,8f86db8c-f324-4438-aa5c-826ed42ed169,Web Designer I
792,Roger,Henderson,rhendersonlz@techcrunch.com,ae50386c-3de1-42fd-9eff-22d599def4a6,Assistant Manager
793,Anne,Lynch,alynchm0@gravatar.com,65ada794-760a-49fe-a699-bb84e6deb06b,Senior Financial Analyst
794,Emily,Gardner,egardnerm1@theguardian.com,c33a2e4d-2624-4bc4-8b3c-401a44291128,Safety Technician II
795,Keith,Lewis,klewism2@mayoclinic.com,04a20cc0-18f9-4e61-afdd-94a209c7cc75,Tax Accountant
796,Henry,Adams,hadamsm3@yale.edu,f91674de-a946-43da-a44c-c871dbf779b5,Chemical Engineer
797,Rebecca,Weaver,rweaverm4@live.com,7ba98957-3413-4351-9c78-8d04b204b7b4,Web Developer II
798,Johnny,Fernandez,jfernandezm5@mac.com,5db930ba-07f7-47f8-b653-94d5d9af8db4,Pharmacist
799,Elizabeth,Ryan,eryanm6@chicagotribune.com,48819295-4599-48a2-90e7-6553fc779e54,Project Manager
800,Roger,Carter,rcarterm7@oaic.gov.au,31178064-94dc-4124-ad18-6406b15ce8ba,Technical Writer
801,Debra,Hamilton,dhamiltonm8@lycos.com,cbdcb253-dd2c-4703-aced-ead73fb224f4,VP Accounting
802,Amy,Stewart,astewartm9@tripadvisor.com,61dee0fb-03c1-4438-bb76-fc62f89f8fd6,Environmental Tech
803,Rose,Morris,rmorrisma@japanpost.jp,e248f307-e7d7-45d5-9b00-5edc608d68ce,Administrative Officer
804,Michelle,Gibson,mgibsonmb@icq.com,4ad6438e-5f48-4f3e-9645-713215ab1703,Environmental Specialist
805,Sarah,Gutierrez,sgutierrezmc@bluehost.com,2fad4c52-9ccc-4a5c-b0b8-f8a444144a91,Dental Hygienist
806,Joyce,Rose,jrosemd@furl.net,6c0e41e7-6654-413a-807b-e5d589a83a1c,Software Test Engineer IV
807,Christina,Kim,ckimme@prnewswire.com,b547feb4-de93-4521-ab77-f5a06555d771,Database Administrator I
808,Susan,Bryant,sbryantmf@businesswire.com,938763a3-fdd3-416b-8bb3-d91b00ee19f9,Financial Analyst
809,Charles,Berry,cberrymg@hibu.com,a10a26f8-73b0-4920-a08d-f09c4a65f426,Physical Therapy Assistant
810,Maria,Brooks,mbrooksmh@etsy.com,91bb46c1-717e-49df-8071-48af042f2530,General Manager
811,Joe,Daniels,jdanielsmi@sohu.com,bfb36274-a4a8-493a-9ac4-10a53e8677d0,Analyst Programmer
812,Fred,Campbell,fcampbellmj@soup.io,38e937ab-88bf-4d19-8004-9ff34f5f8d1f,Electrical Engineer
813,Anne,Moreno,amorenomk@accuweather.com,09d7477d-d543-491b-80b0-44fc7f16bd1f,Mechanical Systems Engineer
814,Norma,James,njamesml@dropbox.com,82109907-5c5e-46e5-90a0-8c9370b3b997,Tax Accountant
815,Diane,Gilbert,dgilbertmm@google.it,6074c8d8-238d-4b0d-a0da-2156f2e1f3d3,Accountant III
816,Ashley,Johnston,ajohnstonmn@nbcnews.com,73d342cb-cad8-4d3c-84df-e3eacb093368,Professor
817,Carlos,Mendoza,cmendozamo@engadget.com,c200dbec-78eb-4ca2-aeb4-5d0d7345a3f7,Teacher
818,Katherine,Tucker,ktuckermp@wordpress.org,fa137b32-6f98-4f12-8e85-844067c74020,Assistant Professor
819,Kenneth,Daniels,kdanielsmq@flavors.me,313c33b3-9535-475a-a429-64e92424ff1f,Environmental Tech
820,Evelyn,Rivera,eriveramr@wikia.com,7456ce23-a6a4-4f0e-9f22-c2ee437f1b91,Chemical Engineer
821,Joseph,Ryan,jryanms@cbslocal.com,c141b3e2-1787-42a3-890c-1f453825ef6b,GIS Technical Architect
822,Richard,Adams,radamsmt@va.gov,259ddecd-26c1-4f4f-b83b-c00a4854d458,Senior Editor
823,Charles,Boyd,cboydmu@umich.edu,5e0d6e20-5183-4a91-b124-85565d08690b,Librarian
824,Frances,Stevens,fstevensmv@nationalgeographic.com,24d8ca8d-4039-49df-ae7c-9bd209b57e40,Automation Specialist III
825,Mark,Richards,mrichardsmw@macromedia.com,2cdc469d-ba68-445d-ac53-22261e577af6,Business Systems Development Analyst
826,Martha,Grant,mgrantmx@adobe.com,f894dd23-996c-4f54-aabf-0a1b4acc5cee,Compensation Analyst
827,Andrea,Nelson,anelsonmy@ow.ly,84b3fd67-6c31-4190-9a5b-48be0032a9fb,Health Coach III
828,Anthony,Larson,alarsonmz@walmart.com,29c3662e-d65d-4ce5-97c9-8acdf5e87744,Quality Engineer
829,Anna,Mendoza,amendozan0@unblog.fr,54331e26-1fbf-4495-9f5f-61c5134dc8ce,Biostatistician II
830,Paula,Parker,pparkern1@wikispaces.com,472f0617-3b3b-4bef-8787-7c2504b12ae0,Design Engineer
831,Diana,Nelson,dnelsonn2@dropbox.com,04a385e0-89b8-4fcb-9c76-bc61da279449,Technical Writer
832,Nicholas,Meyer,nmeyern3@usatoday.com,c3c8c032-9c73-4cd9-a1cc-12ee3400abdb,Environmental Tech
833,Barbara,Johnson,bjohnsonn4@wp.com,4d402ded-d1f3-48a6-9160-a9552f21a232,Dental Hygienist
834,Carol,Gardner,cgardnern5@walmart.com,9a4f9c0d-a765-463e-94c1-13bd21166ba0,Data Coordiator
835,Judy,Woods,jwoodsn6@biglobe.ne.jp,f4586b56-8c73-4406-82a3-ce0a377ac7b5,Paralegal
836,Irene,Murray,imurrayn7@instagram.com,be8d0f4a-f9a0-4da9-bda3-f521bf5f69b1,Human Resources Assistant I
837,Justin,Stevens,jstevensn8@independent.co.uk,ae1624d5-113a-423d-afb4-e1032486d66a,Statistician II
838,Carol,Carroll,ccarrolln9@dailymail.co.uk,709d6340-97c3-4893-8a95-88445b847044,Environmental Specialist
839,Harry,Parker,hparkerna@topsy.com,051d2008-decc-4b1f-abc0-04793f38aecb,Human Resources Manager
840,Ashley,Gonzalez,agonzaleznb@salon.com,95a93e71-2f80-4e41-8e99-fc1b60ce6b5c,Sales Associate
841,Anthony,Miller,amillernc@deviantart.com,8cdd40f6-5b81-4201-8982-e1e27203801a,General Manager
842,Roger,Riley,rrileynd@ft.com,8ca355b9-4545-4317-a973-77d97dc6de56,Physical Therapy Assistant
843,Victor,Harrison,vharrisonne@twitter.com,287a1f37-568c-471b-88e0-6b15634570e4,Quality Control Specialist
844,Debra,Marshall,dmarshallnf@phoca.cz,630f3bf3-a92d-498c-9746-0a4738d1b766,Developer IV
845,Lawrence,Romero,lromerong@virginia.edu,65910df7-776b-4884-bf6a-6f337cfc738b,Legal Assistant
846,Kimberly,Franklin,kfranklinnh@slideshare.net,f3db74ee-fa56-40b4-b95c-81b8f8b7030f,Cost Accountant
847,Bonnie,Williams,bwilliamsni@cloudflare.com,e955bce7-f018-408b-9578-04155d3e2f76,Occupational Therapist
848,Judith,Knight,jknightnj@slideshare.net,63164cc7-8fcc-42af-bde8-de16cc9bcc36,Clinical Specialist
849,Tina,Hernandez,thernandeznk@walmart.com,87b34ac4-3ef3-40f4-b784-738f8c04d26e,Payment Adjustment Coordinator
850,Eugene,Harvey,eharveynl@deliciousdays.com,810b1a7d-3351-412a-b089-05202b18c7e2,Business Systems Development Analyst
851,Patrick,Willis,pwillisnm@dyndns.org,20ae3694-97f4-44cb-952c-29ea18d16b52,Budget/Accounting Analyst III
852,Karen,Alvarez,kalvareznn@ovh.net,85cfe57d-792a-4495-9579-a30ba5af9b26,Graphic Designer
853,Denise,Webb,dwebbno@nps.gov,560b5d68-bcbb-45f5-aa02-f2763c616414,Human Resources Manager
854,Jeremy,Romero,jromeronp@hc360.com,cbab6305-f295-4849-8934-9f20e71edadb,Internal Auditor
855,Jason,Greene,jgreenenq@archive.org,502841d3-81ce-4662-a3ff-0a29a3f8bf29,Office Assistant II
856,Donald,Clark,dclarknr@tripadvisor.com,fd231ae7-a5b4-41fe-bb46-5e5b403c1fec,Tax Accountant
857,Phyllis,Ruiz,pruizns@wp.com,1db56e08-30c5-4e43-b1ad-82bb6dc246ba,Accountant III
858,Annie,Wells,awellsnt@blogspot.com,8c44a508-d873-4622-99f4-628f9c0fc781,Technical Writer
859,Ann,Freeman,afreemannu@chicagotribune.com,d7a24eb9-a09b-4e1b-ab64-01701aad9405,Chemical Engineer
860,Benjamin,Lopez,blopeznv@smugmug.com,ab894e06-8db5-44cc-8b06-9bd7e32e6080,Account Representative III
861,Douglas,Coleman,dcolemannw@devhub.com,f16c43c5-b51e-410f-9e77-f2bb79370228,Environmental Specialist
862,Jerry,Ruiz,jruiznx@elpais.com,9e9d29c0-5bbb-4a06-9b12-6b276f39ab1b,Systems Administrator III
863,Jessica,Reyes,jreyesny@marriott.com,c9bfa04c-843f-4c51-a8b8-dcf4744ca2ec,Legal Assistant
864,Mark,Robertson,mrobertsonnz@latimes.com,7b9a04f6-4ca3-4c9a-9add-cf51af4de3d0,Paralegal
865,Laura,Armstrong,larmstrongo0@latimes.com,43866f86-efda-4227-959d-5a591a7c6b32,Software Consultant
866,John,Kelly,jkellyo1@toplist.cz,aa055e6b-3e2d-437f-ae6b-71348d590c9b,Office Assistant III
867,Victor,Willis,vwilliso2@constantcontact.com,5cba52b0-7487-4233-9ef0-43e0a45e79ec,Accountant II
868,Bruce,Freeman,bfreemano3@seesaa.net,32fbab74-6781-49e5-b00c-129ad56c95ff,Budget/Accounting Analyst IV
869,Kathryn,Fox,kfoxo4@prnewswire.com,dfe42aa9-c486-4a0c-aafd-d1c2e9c319f4,Structural Analysis Engineer
870,Jack,Lee,jleeo5@gmpg.org,15ccfaca-bc5c-4c2f-8048-0240a88d70bf,Clinical Specialist
871,Roy,Fields,rfieldso6@virginia.edu,d2c059c8-8b15-4055-b8f1-4c18ac87233e,Administrative Assistant III
872,Robert,Baker,rbakero7@symantec.com,82b8b711-088c-4ccb-a566-361716059387,Associate Professor
873,Walter,Lawrence,wlawrenceo8@google.ru,fbf736b3-a98b-42fe-a43e-df8047bfdee3,Nurse
874,Sarah,Young,syoungo9@marriott.com,ca76c593-f236-4f4c-8c28-7e440c3bbb5c,Office Assistant II
875,Amanda,Fields,afieldsoa@ft.com,8dab30fa-e5a7-42c2-9aa0-7a84da8f9bc8,Administrative Assistant III
876,Teresa,Pierce,tpierceob@constantcontact.com,79f5d988-e325-4c85-ade2-01f78f1e600b,Media Manager IV
877,David,Coleman,dcolemanoc@seattletimes.com,cd832f4f-10c9-4c4f-8dcd-2ca239158dce,Sales Associate
878,Catherine,Johnson,cjohnsonod@tripadvisor.com,5976e46d-0e90-4fa5-8eac-9528db27e117,Community Outreach Specialist
879,Shawn,Ellis,sellisoe@nyu.edu,0b705501-afd3-4d20-ac8c-9b487754f1ef,Graphic Designer
880,Adam,Burke,aburkeof@jiathis.com,d7035e9c-874b-42e9-b30d-030ccbed24f5,Editor
881,Kelly,Ellis,kellisog@trellian.com,ef3c0010-b146-42cb-a003-c5cee68d028e,Recruiting Manager
882,Mark,Grant,mgrantoh@google.ca,31796961-86f0-4689-8eb6-0b63a13d7356,Sales Associate
883,James,Roberts,jrobertsoi@is.gd,8dbee7ef-cc94-41a1-843d-af0f3d67084f,Geological Engineer
884,Brandon,Adams,badamsoj@toplist.cz,48f32843-7e8b-49e8-b98d-134ac4dacc31,Desktop Support Technician
885,Jonathan,Wells,jwellsok@bloglines.com,56b305cc-20f0-40a9-b987-84db0e1ea49a,Budget/Accounting Analyst I
886,Janet,Martin,jmartinol@booking.com,87006549-0a6c-4e26-8b6c-654111a45402,Director of Sales
887,Carl,Morris,cmorrisom@purevolume.com,45d2db42-aaf7-4e18-a5b0-a49251546bcf,Sales Representative
888,Karen,Wright,kwrighton@sina.com.cn,a4435386-1e6f-45d7-9897-56024f38a77d,Account Coordinator
889,Carl,Martinez,cmartinezoo@samsung.com,14e4f40d-7f68-422b-a931-8698b8487e7a,Compensation Analyst
890,Harry,King,hkingop@comsenz.com,5fcbbfc0-fad7-42ba-90c7-ad052a94e68a,Accounting Assistant II
891,Raymond,Mason,rmasonoq@ebay.com,cb0e97d3-c062-4ed5-9ee6-fbe1d9a8fa99,Quality Engineer
892,Chris,Armstrong,carmstrongor@istockphoto.com,0033d80b-3adb-4e51-9ace-e9d18b7e7f4c,Geologist III
893,Philip,Garcia,pgarciaos@dion.ne.jp,2cce92d1-d241-4cc0-8ed8-d1dfa6dc7a75,Analyst Programmer
894,Marilyn,Perez,mperezot@diigo.com,2f4ad84a-2c46-4560-a013-e7717aef8cb6,Geological Engineer
895,Fred,Fox,ffoxou@goo.ne.jp,e43988d3-7601-4ebd-b4bd-375cd6993978,Associate Professor
896,Anna,Brown,abrownov@vkontakte.ru,b7314598-731a-48f6-8636-e640b0c0cacd,Senior Quality Engineer
897,Victor,Stevens,vstevensow@sun.com,17d26e95-9aa7-443e-a5f1-a975d8b30f79,Programmer Analyst III
898,Louis,Torres,ltorresox@alibaba.com,d1bf8fdc-00a8-4144-87b6-5f0209a37b02,Senior Sales Associate
899,Kathryn,Lopez,klopezoy@meetup.com,6e7d346b-d47c-4928-9b31-e7e2d5a4d86e,Community Outreach Specialist
900,Virginia,Coleman,vcolemanoz@cloudflare.com,c99459bb-80c2-4aa0-8c14-286e6ead89c0,VP Product Management
901,Albert,Lynch,alynchp0@hao123.com,2e0c1d36-d3fc-4e4b-a290-5f15efd1d955,Marketing Manager
902,Angela,Knight,aknightp1@bbc.co.uk,6c59b42d-87d5-4157-a9eb-84f9092486f3,Staff Accountant I
903,Donald,Chavez,dchavezp2@last.fm,4216adf7-bb7c-4474-a07c-b5863a4a371f,Marketing Manager
904,Susan,Ramos,sramosp3@webeden.co.uk,54748dc5-2f58-4ff5-a4b1-dac637ed36fa,Biostatistician III
905,Frances,Arnold,farnoldp4@illinois.edu,2adc5562-8064-49f2-a249-f848fe99337c,Physical Therapy Assistant
906,Judy,Pierce,jpiercep5@bbb.org,3f12806a-a2dc-47ed-91df-cba78de735ce,Help Desk Operator
907,Tina,Ross,trossp6@archive.org,8c2b983a-a3a1-4417-ba53-77671b658168,Environmental Tech
908,Roy,Reed,rreedp7@yahoo.com,a4bd95e8-4c07-4197-8096-641ca1c3e657,Engineer I
909,Louise,Sanchez,lsanchezp8@skype.com,81778d5b-8708-4e62-9321-f6a09126a540,VP Product Management
910,Beverly,Richards,brichardsp9@sakura.ne.jp,e8170426-317e-427f-94fa-73db8bff680b,Administrative Assistant I
911,Sara,Hansen,shansenpa@gnu.org,a678c74c-d71a-4988-a7b9-782bae53b326,Biostatistician I
912,Pamela,Evans,pevanspb@oracle.com,eee086e5-8c1e-4b31-957c-37cf0b880434,Desktop Support Technician
913,Maria,Lawrence,mlawrencepc@sina.com.cn,5427ff3e-076d-4a73-b6df-57954b7d38c1,Electrical Engineer
914,Edward,Medina,emedinapd@friendfeed.com,b81dc7e5-342f-4b3b-8a6a-b23ac7c20429,Occupational Therapist
915,Patricia,Green,pgreenpe@elegantthemes.com,11ec182b-caeb-41a9-a011-15d9d71cd886,General Manager
916,Carolyn,Gutierrez,cgutierrezpf@sina.com.cn,3926c79f-a2c0-4dde-a75e-2fa06e74e15a,Director of Sales
917,Debra,Hawkins,dhawkinspg@rediff.com,621dfbd4-d1bc-4e39-afb6-a7d67b1b3f09,Civil Engineer
918,Frances,Larson,flarsonph@discovery.com,7ef1416e-c1bc-41c5-8d29-af5e3937baca,Help Desk Technician
919,Margaret,Watson,mwatsonpi@tripod.com,093aa4f6-1510-4a63-b3ed-e93e4251fb3d,Executive Secretary
920,Roger,Gordon,rgordonpj@yahoo.co.jp,2cc9c711-73c4-4a4b-976f-dd276f7aa264,Marketing Assistant
921,Jesse,Dunn,jdunnpk@dedecms.com,08bd74fc-c9a0-412b-9f4c-fb51a5518697,Media Manager III
922,Carl,Gonzalez,cgonzalezpl@ted.com,19c2bad0-3e4e-4f30-84b7-8cf1d9935c81,Senior Quality Engineer
923,Jane,Morris,jmorrispm@bigcartel.com,19b16c8e-a81d-466b-8479-66e0dbee2893,Mechanical Systems Engineer
924,Mary,Elliott,melliottpn@yale.edu,20b7ccc3-905f-461c-a520-ad8583ca65eb,Teacher
925,Charles,Duncan,cduncanpo@comsenz.com,d29f34d4-9ef0-41db-b0af-cc07443d1191,Administrative Assistant IV
926,Samuel,Brooks,sbrookspp@liveinternet.ru,4a6bead0-94c8-42b9-9617-4b05db8a937d,Project Manager
927,Karen,Hunt,khuntpq@patch.com,1c7d63d3-a248-404f-aaeb-d998a4471ded,Automation Specialist III
928,Jimmy,Stone,jstonepr@mayoclinic.com,f090ed6f-22ad-49b1-9326-16b5a30c3861,Geological Engineer
929,Randy,Scott,rscottps@shutterfly.com,ad4747df-d59e-4c73-bc7a-a54280a86f74,Analyst Programmer
930,Johnny,Gilbert,jgilbertpt@163.com,c92c6039-2f83-4470-96fe-73740902f7cf,VP Sales
931,Donald,Parker,dparkerpu@feedburner.com,59a8b113-0cf8-46ab-9273-60adef7969ad,Operator
932,Samuel,Day,sdaypv@mayoclinic.com,d4525cc6-edfe-49da-bcd5-9cbb8f62b79a,Sales Associate
933,Dennis,Campbell,dcampbellpw@imgur.com,439e1fe8-d710-41ff-a9f2-95efc4e7ab81,Teacher
934,David,Knight,dknightpx@amazon.com,3f0ff8d9-8f09-4b22-a292-8d5785ae8e23,Budget/Accounting Analyst IV
935,Brian,Riley,brileypy@mozilla.org,5c7859cc-35d0-4db2-abb7-9142d7a02cb9,Senior Cost Accountant
936,Walter,Richards,wrichardspz@hibu.com,2e66e5d8-bf4a-4b46-9cde-10945fc2606d,Help Desk Technician
937,Bruce,Scott,bscottq0@wikia.com,75b4beba-cd6e-475e-816c-2166198dbfb6,Administrative Assistant III
938,Kenneth,Johnson,kjohnsonq1@loc.gov,809bbf70-5316-4647-b47f-b40b7b41c632,Registered Nurse
939,Ruby,Green,rgreenq2@ucla.edu,3c31ce43-f4ae-4eef-9f42-517c1ec0d468,General Manager
940,Fred,Rodriguez,frodriguezq3@cbc.ca,9381a10f-7495-4ca1-993a-abd7f22ac7a3,Physical Therapy Assistant
941,Ryan,Ortiz,rortizq4@dyndns.org,48bcb923-f8db-4296-a455-ca67d959e7d3,Sales Associate
942,Bonnie,Chapman,bchapmanq5@msn.com,625eafb1-464f-4ae9-b9d9-d9d372994795,Business Systems Development Analyst
943,Terry,Larson,tlarsonq6@sitemeter.com,2490a425-8cbf-42b2-baa2-ac10c2b78d9a,Budget/Accounting Analyst IV
944,Barbara,Howell,bhowellq7@biblegateway.com,2317dc36-13ed-4455-ac34-0ca292474f51,Information Systems Manager
945,Peter,Dean,pdeanq8@list-manage.com,7b63b9b4-b882-4ca8-9aba-5236f38fbe45,Executive Secretary
946,Charles,Hudson,chudsonq9@wp.com,7e941d1f-aeee-4c43-ad7a-074b5d07737b,Data Coordiator
947,Anna,Ross,arossqa@irs.gov,60a3f91a-0471-4078-aeaf-b89e6e4884ab,Accountant IV
948,John,Smith,jsmithqb@howstuffworks.com,893a3846-22c5-4c78-a29f-54a54f0a6344,Engineer III
949,Robert,Richards,rrichardsqc@networksolutions.com,294e22a5-f031-4528-931f-764f1c310417,Budget/Accounting Analyst III
950,Tammy,Murphy,tmurphyqd@lulu.com,28b3a935-189e-4034-b732-c6fb884bbe0b,Social Worker
951,Theresa,Perkins,tperkinsqe@vinaora.com,84dc0e0e-40e8-4c1a-b580-cafc1cc696f8,Analog Circuit Design manager
952,Teresa,King,tkingqf@about.com,40391d3d-7e30-416b-9bcf-843faea92aed,Environmental Tech
953,Lois,Davis,ldavisqg@dedecms.com,2282e431-d7f5-4e2d-91d1-87c646c1b65f,Professor
954,Lois,Larson,llarsonqh@skyrock.com,f18fdc39-3e45-4f36-8792-e77e11bde1ac,Account Executive
955,Lillian,Grant,lgrantqi@ftc.gov,eee4219d-d679-497c-9518-9083891bfbb3,Recruiting Manager
956,Julia,Duncan,jduncanqj@unc.edu,49d802d9-ae0d-4e46-a60c-6acb6f5ea303,Recruiting Manager
957,Harry,Fisher,hfisherqk@skyrock.com,6077ef93-de0c-41a0-bc56-7f249a83b85b,Web Designer I
958,Andrea,Russell,arussellql@about.me,a2e9458c-6f15-4b9b-b9d3-61f89abb226b,Quality Control Specialist
959,Henry,Ruiz,hruizqm@webnode.com,00585cc3-b5f3-4961-a5e4-fdab0be8126d,Senior Editor
960,Joshua,Tucker,jtuckerqn@nytimes.com,0870ea54-987f-4659-9749-a1205db3854f,Engineer I
961,Frances,Arnold,farnoldqo@t.co,8701ceb8-09b6-4e17-a006-3cd54b390a9a,VP Quality Control
962,Thomas,Carter,tcarterqp@nifty.com,164549f1-9732-40dc-ab89-f512e1b3ce34,Occupational Therapist
963,Rebecca,Barnes,rbarnesqq@fc2.com,baf47133-6ce6-4bcc-a059-c1b622a12ac3,Internal Auditor
964,Andrea,Ruiz,aruizqr@dell.com,7632b85d-83a6-4766-b91a-30f9d1dae4a8,Computer Systems Analyst III
965,David,Mason,dmasonqs@fda.gov,d39a3beb-5429-4d88-bf81-c8479d6e3100,Staff Accountant II
966,Benjamin,Harrison,bharrisonqt@webeden.co.uk,e758e987-3f8f-442b-946b-ed9dfd8922dd,Accounting Assistant II
967,Lawrence,Robinson,lrobinsonqu@dailymail.co.uk,d5a435c5-250a-479d-ae82-9f42a2757449,Help Desk Technician
968,Timothy,Willis,twillisqv@washington.edu,ae32eb52-e9d9-483b-b4ec-737eb5b596d7,Technical Writer
969,Joyce,Wells,jwellsqw@booking.com,5d1c22c4-9357-4378-942a-749ded2994d0,Senior Developer
970,Andrea,White,awhiteqx@fema.gov,27a5c6b0-4965-447c-8847-1ebf61ce729c,Software Consultant
971,Joan,Young,jyoungqy@so-net.ne.jp,451bce8e-ae7b-42bc-9fc7-aac4038eed4e,VP Product Management
972,Gerald,Cole,gcoleqz@dailymail.co.uk,001bdc03-7a4b-466f-8ccd-261748f6e55c,Mechanical Systems Engineer
973,Nicholas,Stephens,nstephensr0@nhs.uk,74da8e68-ed00-4c03-91a5-4b25efbaf4bd,Nuclear Power Engineer
974,Kathryn,Hunt,khuntr1@myspace.com,d0df6133-2553-4fa2-9111-88b8f6503991,Research Associate
975,Scott,Bishop,sbishopr2@mtv.com,ebe304a6-71d4-4c70-8922-2475e26b4f7c,Database Administrator II
976,Howard,Reid,hreidr3@pcworld.com,d9080bf7-8f65-4fbf-a4de-e6ae07a5859d,Senior Financial Analyst
977,Laura,Cook,lcookr4@microsoft.com,3c850199-7a2b-4d02-a39d-16f58412cf27,VP Product Management
978,Harold,Perkins,hperkinsr5@hhs.gov,7d0575ec-4530-4029-9e49-dcc3db240801,VP Quality Control
979,Todd,King,tkingr6@clickbank.net,071bf623-0072-4bc7-bd8f-a3320a3d6d14,Quality Control Specialist
980,Adam,Burke,aburker7@alibaba.com,7fbdd2e3-8f4b-4432-96f2-6acb07b567e6,Programmer I
981,Lisa,Stanley,lstanleyr8@omniture.com,f6293ce9-1240-43af-994a-53a96b403b4a,Quality Engineer
982,Lois,Pierce,lpiercer9@weebly.com,cb3c4b34-b7bb-46d3-9314-3729b1f0e4d7,Product Engineer
983,Kenneth,Wagner,kwagnerra@slideshare.net,00025d9e-71a7-468c-9dc7-2fbe39d4e019,Civil Engineer
984,Phillip,Gardner,pgardnerrb@indiatimes.com,26021a8d-9243-419b-a2b9-f057992dd1ab,Business Systems Development Analyst
985,Antonio,Cruz,acruzrc@dropbox.com,ef3c9adc-e4f1-4d5d-9b17-120d8b2713df,Marketing Assistant
986,Thomas,Andrews,tandrewsrd@mayoclinic.com,5052098b-c887-4f44-8f11-340d000223b8,Editor
987,Alan,Sanchez,asanchezre@netlog.com,cf94f5ed-9567-4c10-b606-4cd76ba07fe9,Health Coach II
988,Paula,Moreno,pmorenorf@tripod.com,37f6456d-8396-411c-9b43-e0199b0043b7,Research Assistant II
989,Adam,Burton,aburtonrg@jalbum.net,75d305e4-76e8-414c-961f-b0f59f630a5c,VP Marketing
990,Lois,Freeman,lfreemanrh@cpanel.net,da9d490c-b921-4ed0-8ba4-6466c7726fc5,Financial Advisor
991,Eric,Mason,emasonri@g.co,495fd5a2-77be-481f-8012-53d176b7a332,Mechanical Systems Engineer
992,Jack,Brown,jbrownrj@ocn.ne.jp,80650afb-eb50-4b7b-afc0-980481d9f030,Physical Therapy Assistant
993,Christopher,Jenkins,cjenkinsrk@reference.com,2909999f-ca59-415a-a859-b1b5bb6f731d,Structural Analysis Engineer
994,Melissa,Ramos,mramosrl@samsung.com,3c58d35e-354e-4697-a278-4cf113da13b7,Design Engineer
995,Harold,Burke,hburkerm@e-recht24.de,f0990b43-f295-464a-977b-b799d74e8a03,Programmer Analyst III
996,Louis,Diaz,ldiazrn@microsoft.com,1f7cddbb-4633-419d-945e-95eb9d9d73bd,Pharmacist
997,Roy,Lynch,rlynchro@slideshare.net,29541fac-e11a-4b5a-9f7e-226ed56f206f,Environmental Tech
998,Melissa,Oliver,moliverrp@dot.gov,19064fec-c8d5-4acb-a15f-f847d51e0476,Professor
999,Todd,Murphy,tmurphyrq@go.com,a4f804de-47c6-4b6a-b1fc-23851f465fa5,Financial Advisor
1000,Andrea,Snyder,asnyderrr@simplemachines.org,47e86384-68b4-4a88-938c-b6680eb75466,General Manager
